App,Translated_Review,Sentiment,Sentiment_Polarity,Sentiment_Subjectivity
Telegram,Average experience overall.,Neutral,0,0.211605
WhatsApp,Useful but has minor issues.,Neutral,0,0.143469
Google Maps,,,,
Adobe Acrobat Reader,Excellent app with useful features.,Positive,0.648996,0.772816
WhatsApp,Love the interface and performance.,Positive,0.422553,0.89544
YouTube,Works fine but can be better.,Neutral,0,0.238936
Canva,Excellent app with useful features.,Positive,0.503942,0.487184
Flipkart,"Not bad, just decent.",Neutral,0,0.368114
Swiggy,Love the interface and performance.,Positive,0.908361,0.489308
Canva,Works great especially for daily use.,Positive,0.818455,0.988177
Zomato,Very helpful and easy to use.,Positive,0.562728,0.867288
Amazon Shopping,Very helpful and easy to use.,Positive,0.761456,0.746838
Adobe Acrobat Reader,Works great especially for daily use.,Positive,0.330722,0.503564
Swiggy,Very helpful and easy to use.,Positive,0.874282,0.8208
Canva,"Not bad, just decent.",Neutral,0,0.23387
Canva,Very helpful and easy to use.,Positive,0.370101,0.599385
Swiggy,Very helpful and easy to use.,Positive,0.311704,0.795991
Netflix,Love the interface and performance.,Positive,0.51952,0.375457
Amazon Shopping,Excellent app with useful features.,Positive,0.888882,0.322273
Amazon Shopping,Excellent app with useful features.,Positive,0.507814,0.676711
Instagram,App crashes frequently.,Negative,-0.387745,0.380186
Swiggy,Very helpful and easy to use.,Positive,0.289242,0.547812
Instagram,,,,
WhatsApp,Love the interface and performance.,Positive,0.80957,0.606145
Adobe Acrobat Reader,Love the interface and performance.,Positive,0.687176,0.322271
YouTube,Not satisfied with the performance.,Negative,-0.173356,0.719261
Instagram,,,,
Swiggy,Too many ads.,Negative,-0.784493,0.46861
Spotify,"Amazing experience, highly recommended.",Positive,0.852819,0.982388
Netflix,"Amazing experience, highly recommended.",Positive,0.957479,0.332102
Netflix,Works great especially for daily use.,Positive,0.943131,0.804212
WhatsApp,Very helpful and easy to use.,Positive,0.55048,0.614061
Adobe Acrobat Reader,Excellent app with useful features.,Positive,0.670647,0.384092
Canva,,,,
WhatsApp,Excellent app with useful features.,Positive,0.887708,0.256686
Canva,Love the interface and performance.,Positive,0.305849,0.948411
Spotify,"Amazing experience, highly recommended.",Positive,0.845998,0.352328
Adobe Acrobat Reader,"Amazing experience, highly recommended.",Positive,0.57362,0.783261
Telegram,"It's okay, needs some improvements.",Neutral,0,0.301311
Flipkart,Works great especially for daily use.,Positive,0.352167,0.558891
Google Maps,Excellent app with useful features.,Positive,0.554505,0.889079
Netflix,Useful but has minor issues.,Neutral,0,0.518014
Adobe Acrobat Reader,Average experience overall.,Neutral,0,0.303207
Instagram,Excellent app with useful features.,Positive,0.33171,0.201724
Google Maps,"Not bad, just decent.",Neutral,0,0.242625
WhatsApp,Not satisfied with the performance.,Negative,-0.404316,0.64067
Canva,Not satisfied with the performance.,Negative,-0.337837,0.34267
Flipkart,Love the interface and performance.,Positive,0.93551,0.624901
10 Best Foods for You,Works great especially for daily use.,Positive,0.254817,0.254369
Zomato,Love the interface and performance.,Positive,0.396972,0.675615
Spotify,Useful but has minor issues.,Neutral,0,0.361391
Swiggy,Works fine but can be better.,Neutral,0,0.219343
Google Maps,"Not bad, just decent.",Neutral,0,0.258089
YouTube,Love the interface and performance.,Positive,0.998764,0.996877
Adobe Acrobat Reader,Works great especially for daily use.,Positive,0.946608,0.904691
Swiggy,"Amazing experience, highly recommended.",Positive,0.866996,0.762832
Spotify,Useful but has minor issues.,Neutral,0,0.103912
Zomato,App crashes frequently.,Negative,-0.154963,0.394004
Adobe Acrobat Reader,Average experience overall.,Neutral,0,0.236174
Spotify,Very helpful and easy to use.,Positive,0.604327,0.400897
Swiggy,"Amazing experience, highly recommended.",Positive,0.863478,0.235269
Flipkart,Works fine but can be better.,Neutral,0,0.180791
Instagram,Excellent app with useful features.,Positive,0.289499,0.956041
WhatsApp,Very helpful and easy to use.,Positive,0.666008,0.318475
Amazon Shopping,,,,
Flipkart,"It's okay, needs some improvements.",Neutral,0,0.549462
Canva,Works fine but can be better.,Neutral,0,0.490058
Swiggy,Very slow after the latest update.,Negative,-0.166813,0.465716
Amazon Shopping,"Not bad, just decent.",Neutral,0,0.112393
WhatsApp,"Not bad, just decent.",Neutral,0,0.501118
Zomato,Works great especially for daily use.,Positive,0.8299,0.286477
Zomato,,,,
Instagram,"Not bad, just decent.",Neutral,0,0.274829
Zomato,Excellent app with useful features.,Positive,0.728027,0.518773
Duolingo,Too many ads.,Negative,-0.683968,0.656584
Telegram,Excellent app with useful features.,Positive,0.292273,0.97632
Amazon Shopping,App crashes frequently.,Negative,-0.902438,0.604195
WhatsApp,Love the interface and performance.,Positive,0.292517,0.919604
Canva,"It's okay, needs some improvements.",Neutral,0,0.35996
YouTube,Average experience overall.,Neutral,0,0.282111
Adobe Acrobat Reader,Not satisfied with the performance.,Negative,-0.717476,0.893611
WhatsApp,"Amazing experience, highly recommended.",Positive,0.460946,0.757767
Netflix,"Amazing experience, highly recommended.",Positive,0.741854,0.922244
Spotify,Excellent app with useful features.,Positive,0.4431,0.368146
YouTube,"Not bad, just decent.",Neutral,0,0.320893
Telegram,Works great especially for daily use.,Positive,0.727081,0.427029
Telegram,Works great especially for daily use.,Positive,0.738237,0.379713
Canva,"Amazing experience, highly recommended.",Positive,0.689019,0.814791
Instagram,Average experience overall.,Neutral,0,0.459173
Google Maps,Excellent app with useful features.,Positive,0.914128,0.888352
Swiggy,Works great especially for daily use.,Positive,0.843288,0.756729
Instagram,Excellent app with useful features.,Positive,0.565169,0.841133
Telegram,Very helpful and easy to use.,Positive,0.960032,0.913141
Spotify,Poor user experience.,Negative,-0.252488,0.68351
Swiggy,Poor user experience.,Negative,-0.766728,0.473068
Telegram,"Not bad, just decent.",Neutral,0,0.413374
Duolingo,Average experience overall.,Neutral,0,0.235858
Flipkart,Works great especially for daily use.,Positive,0.385009,0.75516
WhatsApp,Very helpful and easy to use.,Positive,0.634089,0.532619
Canva,Love the interface and performance.,Positive,0.95685,0.215626
Swiggy,Excellent app with useful features.,Positive,0.954193,0.43889
Google Maps,Poor user experience.,Negative,-0.515601,0.814244
YouTube,Works great especially for daily use.,Positive,0.418348,0.588514
Google Maps,"Not bad, just decent.",Neutral,0,0.462091
Zomato,Love the interface and performance.,Positive,0.627299,0.925543
Spotify,"Amazing experience, highly recommended.",Positive,0.30856,0.569359
10 Best Foods for You,"Amazing experience, highly recommended.",Positive,0.461477,0.808984
Google Maps,Poor user experience.,Negative,-0.772956,0.357334
10 Best Foods for You,Very helpful and easy to use.,Positive,0.379378,0.254895
Telegram,,,,
10 Best Foods for You,Excellent app with useful features.,Positive,0.697069,0.390836
Instagram,Works great especially for daily use.,Positive,0.572027,0.404995
Flipkart,"It's okay, needs some improvements.",Neutral,0,0.488896
Amazon Shopping,Excellent app with useful features.,Positive,0.94311,0.660637
Swiggy,Works great especially for daily use.,Positive,0.260797,0.752492
Telegram,Works fine but can be better.,Neutral,0,0.525147
Spotify,Useful but has minor issues.,Neutral,0,0.491318
Flipkart,"It's okay, needs some improvements.",Neutral,0,0.35298
Flipkart,,,,
Google Maps,Very helpful and easy to use.,Positive,0.708468,0.862966
WhatsApp,Love the interface and performance.,Positive,0.972379,0.416066
YouTube,"Not bad, just decent.",Neutral,0,0.317787
WhatsApp,Works great especially for daily use.,Positive,0.864585,0.26933
Swiggy,Useful but has minor issues.,Neutral,0,0.405166
Google Maps,Very helpful and easy to use.,Positive,0.345472,0.369696
YouTube,Love the interface and performance.,Positive,0.760947,0.421015
10 Best Foods for You,Works great especially for daily use.,Positive,0.77606,0.590862
YouTube,"Amazing experience, highly recommended.",Positive,0.55854,0.213795
Duolingo,Works fine but can be better.,Neutral,0,0.43198
Flipkart,"Amazing experience, highly recommended.",Positive,0.997305,0.640311
Flipkart,Very helpful and easy to use.,Positive,0.38443,0.777027
Flipkart,Works great especially for daily use.,Positive,0.353233,0.790884
Duolingo,Not satisfied with the performance.,Negative,-0.462888,0.986357
Zomato,Works great especially for daily use.,Positive,0.441814,0.766415
Amazon Shopping,Not satisfied with the performance.,Negative,-0.737077,0.960863
Telegram,Excellent app with useful features.,Positive,0.659251,0.575518
Instagram,Too many ads.,Negative,-0.153043,0.63441
Zomato,Love the interface and performance.,Positive,0.703557,0.242887
Amazon Shopping,App crashes frequently.,Negative,-0.105474,0.382916
YouTube,Love the interface and performance.,Positive,0.38055,0.618058
Instagram,Love the interface and performance.,Positive,0.992025,0.444304
Spotify,App crashes frequently.,Negative,-0.147169,0.445452
Canva,Works great especially for daily use.,Positive,0.339051,0.260052
10 Best Foods for You,"Not bad, just decent.",Neutral,0,0.24563
Canva,"Amazing experience, highly recommended.",Positive,0.256944,0.386739
Duolingo,Average experience overall.,Neutral,0,0.312569
Netflix,Very helpful and easy to use.,Positive,0.861305,0.257128
Amazon Shopping,Love the interface and performance.,Positive,0.936954,0.551323
Instagram,Works fine but can be better.,Neutral,0,0.350236
Instagram,"Amazing experience, highly recommended.",Positive,0.787627,0.682971
10 Best Foods for You,Not satisfied with the performance.,Negative,-0.471589,0.314522
YouTube,Excellent app with useful features.,Positive,0.810487,0.340153
Netflix,Very slow after the latest update.,Negative,-0.102749,0.605119
Zomato,Very helpful and easy to use.,Positive,0.526678,0.456847
Adobe Acrobat Reader,"Amazing experience, highly recommended.",Positive,0.430574,0.956155
Zomato,Excellent app with useful features.,Positive,0.451614,0.458619
YouTube,Excellent app with useful features.,Positive,0.726128,0.634075
Google Maps,Love the interface and performance.,Positive,0.805155,0.700327
YouTube,Works great especially for daily use.,Positive,0.942138,0.550493
WhatsApp,Love the interface and performance.,Positive,0.839451,0.767826
Duolingo,Excellent app with useful features.,Positive,0.379761,0.873125
Adobe Acrobat Reader,Works great especially for daily use.,Positive,0.5987,0.773283
Netflix,"Amazing experience, highly recommended.",Positive,0.984196,0.394985
Netflix,Love the interface and performance.,Positive,0.606593,0.903461
Zomato,"Not bad, just decent.",Neutral,0,0.269938
YouTube,Works fine but can be better.,Neutral,0,0.463025
Zomato,Poor user experience.,Negative,-0.221265,0.612583
Instagram,Love the interface and performance.,Positive,0.501768,0.946282
Zomato,Useful but has minor issues.,Neutral,0,0.291485
Zomato,"Amazing experience, highly recommended.",Positive,0.764182,0.849127
Google Maps,Average experience overall.,Neutral,0,0.347664
10 Best Foods for You,Too many ads.,Negative,-0.21727,0.911933
Instagram,App crashes frequently.,Negative,-0.349801,0.586985
Telegram,Very helpful and easy to use.,Positive,0.470849,0.754164
Telegram,Love the interface and performance.,Positive,0.504008,0.453329
WhatsApp,Love the interface and performance.,Positive,0.228719,0.254737
Telegram,Works great especially for daily use.,Positive,0.797413,0.547177
Adobe Acrobat Reader,"It's okay, needs some improvements.",Neutral,0,0.321839
WhatsApp,Very helpful and easy to use.,Positive,0.836915,0.434694
Flipkart,"Amazing experience, highly recommended.",Positive,0.652742,0.834016
Amazon Shopping,"Not bad, just decent.",Neutral,0,0.409855
Canva,Works great especially for daily use.,Positive,0.56892,0.403182
Duolingo,Poor user experience.,Negative,-0.188912,0.774328
Amazon Shopping,Not satisfied with the performance.,Negative,-0.730761,0.97342
WhatsApp,Average experience overall.,Neutral,0,0.599687
Zomato,Love the interface and performance.,Positive,0.487167,0.436698
WhatsApp,Poor user experience.,Negative,-0.752968,0.69615
Telegram,Not satisfied with the performance.,Negative,-0.329345,0.882987
Swiggy,Useful but has minor issues.,Neutral,0,0.500966
Canva,Average experience overall.,Neutral,0,0.414124
Swiggy,"Amazing experience, highly recommended.",Positive,0.226692,0.491889
Amazon Shopping,"Amazing experience, highly recommended.",Positive,0.340512,0.305728
Netflix,Love the interface and performance.,Positive,0.93079,0.864378
Duolingo,Too many ads.,Negative,-0.328097,0.537101
Adobe Acrobat Reader,Works great especially for daily use.,Positive,0.888112,0.779373
Google Maps,Works fine but can be better.,Neutral,0,0.145151
Google Maps,,,,
Netflix,Very helpful and easy to use.,Positive,0.667648,0.857934
Flipkart,Excellent app with useful features.,Positive,0.695637,0.954535
Flipkart,Excellent app with useful features.,Positive,0.708323,0.571414
WhatsApp,Works great especially for daily use.,Positive,0.236277,0.22977
Instagram,Love the interface and performance.,Positive,0.308531,0.562915
Telegram,Useful but has minor issues.,Neutral,0,0.309563
WhatsApp,App crashes frequently.,Negative,-0.249676,0.730957
Duolingo,,,,
Flipkart,Works great especially for daily use.,Positive,0.88436,0.279484
Telegram,Too many ads.,Negative,-0.945505,0.493117
Adobe Acrobat Reader,"It's okay, needs some improvements.",Neutral,0,0.431384
Telegram,App crashes frequently.,Negative,-0.291885,0.470498
Amazon Shopping,Love the interface and performance.,Positive,0.365726,0.372761
Zomato,Useful but has minor issues.,Neutral,0,0.101418
Zomato,Not satisfied with the performance.,Negative,-0.774411,0.422148
Telegram,Very helpful and easy to use.,Positive,0.831988,0.390345
Flipkart,,,,
Duolingo,Useful but has minor issues.,Neutral,0,0.156825
Adobe Acrobat Reader,Useful but has minor issues.,Neutral,0,0.396833
Instagram,App crashes frequently.,Negative,-0.345481,0.936126
Telegram,Excellent app with useful features.,Positive,0.24866,0.583186
Google Maps,"Amazing experience, highly recommended.",Positive,0.258793,0.264632
Spotify,Love the interface and performance.,Positive,0.706461,0.638685
Flipkart,Very helpful and easy to use.,Positive,0.562972,0.684341
Adobe Acrobat Reader,Love the interface and performance.,Positive,0.776672,0.372018
Instagram,"Amazing experience, highly recommended.",Positive,0.518984,0.78369
Flipkart,Works fine but can be better.,Neutral,0,0.576796
Telegram,Excellent app with useful features.,Positive,0.274584,0.277252
WhatsApp,Excellent app with useful features.,Positive,0.669172,0.649269
Flipkart,"Amazing experience, highly recommended.",Positive,0.894474,0.776849
Duolingo,Love the interface and performance.,Positive,0.60593,0.323784
Instagram,Love the interface and performance.,Positive,0.494049,0.810085
Spotify,Love the interface and performance.,Positive,0.979637,0.854741
Spotify,Love the interface and performance.,Positive,0.943267,0.863569
Duolingo,,,,
Duolingo,Very helpful and easy to use.,Positive,0.480819,0.345124
Amazon Shopping,Works great especially for daily use.,Positive,0.792775,0.977448
Adobe Acrobat Reader,"Amazing experience, highly recommended.",Positive,0.562917,0.325927
Duolingo,Useful but has minor issues.,Neutral,0,0.398112
Swiggy,Love the interface and performance.,Positive,0.23981,0.265265
Instagram,"Amazing experience, highly recommended.",Positive,0.531347,0.372455
Netflix,Very helpful and easy to use.,Positive,0.742574,0.674507
Netflix,"Amazing experience, highly recommended.",Positive,0.987557,0.243826
Canva,Works great especially for daily use.,Positive,0.811329,0.431558
Adobe Acrobat Reader,,,,
WhatsApp,Love the interface and performance.,Positive,0.762937,0.60021
Zomato,"Amazing experience, highly recommended.",Positive,0.889411,0.233842
10 Best Foods for You,Very helpful and easy to use.,Positive,0.660607,0.65872
WhatsApp,"Amazing experience, highly recommended.",Positive,0.216685,0.459815
YouTube,Very helpful and easy to use.,Positive,0.270504,0.875587
Canva,Excellent app with useful features.,Positive,0.516613,0.44822
Flipkart,"It's okay, needs some improvements.",Neutral,0,0.355242
Adobe Acrobat Reader,Very helpful and easy to use.,Positive,0.48088,0.966579
Telegram,Works great especially for daily use.,Positive,0.404775,0.338799
Amazon Shopping,Average experience overall.,Neutral,0,0.575646
Telegram,Useful but has minor issues.,Neutral,0,0.324453
Swiggy,Useful but has minor issues.,Neutral,0,0.261604
Telegram,"Amazing experience, highly recommended.",Positive,0.553766,0.442256
Duolingo,Excellent app with useful features.,Positive,0.448326,0.561531
10 Best Foods for You,Excellent app with useful features.,Positive,0.692007,0.605654
Instagram,App crashes frequently.,Negative,-0.59524,0.866871
Telegram,Useful but has minor issues.,Neutral,0,0.175431
10 Best Foods for You,Works fine but can be better.,Neutral,0,0.591193
Adobe Acrobat Reader,Works great especially for daily use.,Positive,0.766097,0.992789
Netflix,Very helpful and easy to use.,Positive,0.934349,0.509933
YouTube,Very helpful and easy to use.,Positive,0.252729,0.275605
Telegram,Love the interface and performance.,Positive,0.898624,0.46669
Spotify,Too many ads.,Negative,-0.129073,0.788936
Google Maps,"It's okay, needs some improvements.",Neutral,0,0.254791
Google Maps,Works great especially for daily use.,Positive,0.736093,0.863167
WhatsApp,App crashes frequently.,Negative,-0.418578,0.596384
Flipkart,,,,
Duolingo,"Amazing experience, highly recommended.",Positive,0.353604,0.999981
Amazon Shopping,"It's okay, needs some improvements.",Neutral,0,0.353845
Netflix,App crashes frequently.,Negative,-0.404264,0.913475
Spotify,Works great especially for daily use.,Positive,0.344677,0.754277
Spotify,"Amazing experience, highly recommended.",Positive,0.234954,0.49144
WhatsApp,Very helpful and easy to use.,Positive,0.801913,0.82704
Canva,"Amazing experience, highly recommended.",Positive,0.923179,0.355213
Telegram,Poor user experience.,Negative,-0.307505,0.844687
Netflix,Very slow after the latest update.,Negative,-0.278867,0.396879
Duolingo,Very helpful and easy to use.,Positive,0.643633,0.282072
Zomato,Excellent app with useful features.,Positive,0.810493,0.418233
Swiggy,"It's okay, needs some improvements.",Neutral,0,0.573207
Canva,App crashes frequently.,Negative,-0.626593,0.577518
Flipkart,Too many ads.,Negative,-0.797915,0.523079
Adobe Acrobat Reader,Average experience overall.,Neutral,0,0.1688
Duolingo,Works great especially for daily use.,Positive,0.807073,0.575288
Spotify,,,,
Adobe Acrobat Reader,,,,
Canva,Love the interface and performance.,Positive,0.622217,0.288949
Duolingo,Works great especially for daily use.,Positive,0.53586,0.835119
Instagram,"Not bad, just decent.",Neutral,0,0.39837
10 Best Foods for You,Works great especially for daily use.,Positive,0.433018,0.201251
Flipkart,Excellent app with useful features.,Positive,0.618788,0.488483
Netflix,Useful but has minor issues.,Neutral,0,0.377076
Google Maps,"Amazing experience, highly recommended.",Positive,0.984832,0.40292
10 Best Foods for You,Works great especially for daily use.,Positive,0.786353,0.702606
YouTube,Average experience overall.,Neutral,0,0.122168
Netflix,"Not bad, just decent.",Neutral,0,0.59041
Instagram,"It's okay, needs some improvements.",Neutral,0,0.458023
Instagram,,,,
Canva,,,,
Canva,Very helpful and easy to use.,Positive,0.612307,0.991298
Netflix,Works great especially for daily use.,Positive,0.428889,0.889711
10 Best Foods for You,Excellent app with useful features.,Positive,0.839474,0.549561
Google Maps,Poor user experience.,Negative,-0.694867,0.430772
WhatsApp,Not satisfied with the performance.,Negative,-0.759951,0.357828
Google Maps,Average experience overall.,Neutral,0,0.372737
Flipkart,Very helpful and easy to use.,Positive,0.445197,0.682097
Google Maps,"Amazing experience, highly recommended.",Positive,0.233884,0.89603
Flipkart,Excellent app with useful features.,Positive,0.260033,0.71001
Flipkart,Average experience overall.,Neutral,0,0.576395
Amazon Shopping,"Not bad, just decent.",Neutral,0,0.117399
Adobe Acrobat Reader,Works fine but can be better.,Neutral,0,0.291427
Spotify,,,,
Amazon Shopping,Too many ads.,Negative,-0.600455,0.35382
Amazon Shopping,Very helpful and easy to use.,Positive,0.399689,0.290759
WhatsApp,Love the interface and performance.,Positive,0.294209,0.819972
WhatsApp,Too many ads.,Negative,-0.375417,0.99904
Canva,Poor user experience.,Negative,-0.844609,0.799359
Adobe Acrobat Reader,Too many ads.,Negative,-0.398944,0.796678
Netflix,Very slow after the latest update.,Negative,-0.359372,0.949127
Telegram,Works great especially for daily use.,Positive,0.29709,0.360784
Amazon Shopping,Very helpful and easy to use.,Positive,0.643217,0.495129
YouTube,Excellent app with useful features.,Positive,0.252598,0.518528
WhatsApp,"Amazing experience, highly recommended.",Positive,0.858672,0.259001
Flipkart,Love the interface and performance.,Positive,0.475612,0.902368
YouTube,Works great especially for daily use.,Positive,0.546095,0.92857
10 Best Foods for You,Very helpful and easy to use.,Positive,0.331726,0.458129
WhatsApp,Not satisfied with the performance.,Negative,-0.194567,0.892154
Duolingo,Too many ads.,Negative,-0.887347,0.511977
Netflix,Useful but has minor issues.,Neutral,0,0.570803
Amazon Shopping,Useful but has minor issues.,Neutral,0,0.26881
Swiggy,"It's okay, needs some improvements.",Neutral,0,0.140611
Telegram,Works great especially for daily use.,Positive,0.813567,0.533269
Telegram,,,,
Swiggy,Very helpful and easy to use.,Positive,0.586356,0.843751
Telegram,Excellent app with useful features.,Positive,0.326464,0.532497
Instagram,Works fine but can be better.,Neutral,0,0.530743
Flipkart,Poor user experience.,Negative,-0.88231,0.559378
Netflix,Excellent app with useful features.,Positive,0.413977,0.398335
Adobe Acrobat Reader,Not satisfied with the performance.,Negative,-0.623679,0.97388
Swiggy,Love the interface and performance.,Positive,0.776903,0.351867
Amazon Shopping,"Amazing experience, highly recommended.",Positive,0.903261,0.597896
Adobe Acrobat Reader,Works great especially for daily use.,Positive,0.372116,0.482316
10 Best Foods for You,"Amazing experience, highly recommended.",Positive,0.428599,0.206542
Adobe Acrobat Reader,Too many ads.,Negative,-0.312529,0.556156
Google Maps,Very helpful and easy to use.,Positive,0.642578,0.258825
Netflix,Love the interface and performance.,Positive,0.744319,0.295049
Adobe Acrobat Reader,Works fine but can be better.,Neutral,0,0.378916
Flipkart,Love the interface and performance.,Positive,0.52111,0.232204
10 Best Foods for You,"Amazing experience, highly recommended.",Positive,0.615466,0.319153
Swiggy,Love the interface and performance.,Positive,0.454824,0.514364
Spotify,Very helpful and easy to use.,Positive,0.605852,0.607771
Instagram,Excellent app with useful features.,Positive,0.494686,0.739045
Google Maps,"It's okay, needs some improvements.",Neutral,0,0.398455
Duolingo,Useful but has minor issues.,Neutral,0,0.388817
WhatsApp,Love the interface and performance.,Positive,0.70322,0.695789
Zomato,Average experience overall.,Neutral,0,0.115785
WhatsApp,Very helpful and easy to use.,Positive,0.535024,0.530368
Canva,"Not bad, just decent.",Neutral,0,0.536409
WhatsApp,Useful but has minor issues.,Neutral,0,0.203671
Flipkart,"Amazing experience, highly recommended.",Positive,0.451002,0.338546
Swiggy,Very helpful and easy to use.,Positive,0.688061,0.353811
Canva,Very helpful and easy to use.,Positive,0.816939,0.763921
WhatsApp,Very helpful and easy to use.,Positive,0.64839,0.947588
WhatsApp,Love the interface and performance.,Positive,0.503755,0.984128
Zomato,Average experience overall.,Neutral,0,0.245226
Duolingo,"Amazing experience, highly recommended.",Positive,0.724778,0.797871
Canva,Love the interface and performance.,Positive,0.756937,0.309818
Spotify,Excellent app with useful features.,Positive,0.735867,0.624833
Telegram,Very helpful and easy to use.,Positive,0.773886,0.280436
YouTube,Very slow after the latest update.,Negative,-0.633783,0.954522
Swiggy,Works fine but can be better.,Neutral,0,0.260584
Telegram,Useful but has minor issues.,Neutral,0,0.21611
WhatsApp,Very slow after the latest update.,Negative,-0.623904,0.886323
Swiggy,Poor user experience.,Negative,-0.290835,0.430418
WhatsApp,App crashes frequently.,Negative,-0.99166,0.697573
Adobe Acrobat Reader,"Amazing experience, highly recommended.",Positive,0.99128,0.63464
Instagram,Love the interface and performance.,Positive,0.574417,0.354249
Adobe Acrobat Reader,Works fine but can be better.,Neutral,0,0.459299
10 Best Foods for You,Useful but has minor issues.,Neutral,0,0.437201
Canva,Poor user experience.,Negative,-0.255709,0.660696
Adobe Acrobat Reader,Works great especially for daily use.,Positive,0.581963,0.94866
10 Best Foods for You,Very helpful and easy to use.,Positive,0.963228,0.441557
WhatsApp,Very helpful and easy to use.,Positive,0.754215,0.249699
Adobe Acrobat Reader,Love the interface and performance.,Positive,0.938485,0.910241
YouTube,Very helpful and easy to use.,Positive,0.494035,0.376679
Amazon Shopping,Love the interface and performance.,Positive,0.4989,0.761553
Swiggy,Works great especially for daily use.,Positive,0.809488,0.744274
Spotify,"Amazing experience, highly recommended.",Positive,0.622538,0.489428
Swiggy,Love the interface and performance.,Positive,0.922311,0.361725
Netflix,Love the interface and performance.,Positive,0.553472,0.744236
WhatsApp,Love the interface and performance.,Positive,0.556386,0.244509
Amazon Shopping,Excellent app with useful features.,Positive,0.647038,0.738214
Duolingo,Excellent app with useful features.,Positive,0.796644,0.662649
10 Best Foods for You,Useful but has minor issues.,Neutral,0,0.597062
Swiggy,Poor user experience.,Negative,-0.971439,0.586207
YouTube,"Not bad, just decent.",Neutral,0,0.28723
Swiggy,Poor user experience.,Negative,-0.661919,0.777911
Telegram,Very helpful and easy to use.,Positive,0.294907,0.994277
Google Maps,Average experience overall.,Neutral,0,0.517411
YouTube,,,,
Duolingo,"Not bad, just decent.",Neutral,0,0.365967
Zomato,Works great especially for daily use.,Positive,0.42052,0.949928
WhatsApp,"Amazing experience, highly recommended.",Positive,0.691939,0.94899
Swiggy,,,,
Canva,"Amazing experience, highly recommended.",Positive,0.678228,0.762629
10 Best Foods for You,"Amazing experience, highly recommended.",Positive,0.387471,0.373815
Zomato,Very helpful and easy to use.,Positive,0.387329,0.933118
Spotify,Very helpful and easy to use.,Positive,0.389523,0.901007
Telegram,Very helpful and easy to use.,Positive,0.248766,0.958816
Swiggy,"Amazing experience, highly recommended.",Positive,0.644681,0.237507
Flipkart,Useful but has minor issues.,Neutral,0,0.259367
Google Maps,Works great especially for daily use.,Positive,0.803533,0.578815
Zomato,Very slow after the latest update.,Negative,-0.274801,0.940319
Netflix,Love the interface and performance.,Positive,0.307274,0.394287
Canva,"Amazing experience, highly recommended.",Positive,0.877707,0.273971
WhatsApp,"Amazing experience, highly recommended.",Positive,0.738938,0.682338
Zomato,Useful but has minor issues.,Neutral,0,0.462153
Netflix,Very helpful and easy to use.,Positive,0.44255,0.927195
Canva,App crashes frequently.,Negative,-0.327809,0.828032
Swiggy,Average experience overall.,Neutral,0,0.298316
Canva,"Not bad, just decent.",Neutral,0,0.333125
Telegram,Love the interface and performance.,Positive,0.90625,0.572803
YouTube,Very helpful and easy to use.,Positive,0.931464,0.496564
Google Maps,,,,
Zomato,Very helpful and easy to use.,Positive,0.642649,0.667226
WhatsApp,Very helpful and easy to use.,Positive,0.384015,0.655832
Canva,Works fine but can be better.,Neutral,0,0.228663
Zomato,"Not bad, just decent.",Neutral,0,0.330414
WhatsApp,Love the interface and performance.,Positive,0.590653,0.93352
Netflix,Not satisfied with the performance.,Negative,-0.969559,0.892688
Zomato,"Not bad, just decent.",Neutral,0,0.168746
Telegram,"It's okay, needs some improvements.",Neutral,0,0.20936
Instagram,Useful but has minor issues.,Neutral,0,0.556376
Telegram,Love the interface and performance.,Positive,0.529071,0.213381
WhatsApp,App crashes frequently.,Negative,-0.548006,0.788501
Google Maps,App crashes frequently.,Negative,-0.173756,0.66707
Canva,Very helpful and easy to use.,Positive,0.41386,0.517517
Flipkart,Works great especially for daily use.,Positive,0.992186,0.380686
Telegram,Excellent app with useful features.,Positive,0.2748,0.503411
Netflix,Average experience overall.,Neutral,0,0.141343
Zomato,Useful but has minor issues.,Neutral,0,0.588665
Adobe Acrobat Reader,Very slow after the latest update.,Negative,-0.809725,0.907682
Swiggy,Excellent app with useful features.,Positive,0.747543,0.424298
Netflix,Very helpful and easy to use.,Positive,0.212526,0.365726
Amazon Shopping,"Not bad, just decent.",Neutral,0,0.564437
Duolingo,"Amazing experience, highly recommended.",Positive,0.741628,0.63245
Google Maps,Excellent app with useful features.,Positive,0.600634,0.979459
10 Best Foods for You,Excellent app with useful features.,Positive,0.472474,0.815205
Spotify,"It's okay, needs some improvements.",Neutral,0,0.417061
YouTube,Very helpful and easy to use.,Positive,0.64243,0.500342
Amazon Shopping,"It's okay, needs some improvements.",Neutral,0,0.486084
Duolingo,"It's okay, needs some improvements.",Neutral,0,0.233986
Google Maps,"Not bad, just decent.",Neutral,0,0.258339
Adobe Acrobat Reader,Poor user experience.,Negative,-0.676074,0.488837
Amazon Shopping,Love the interface and performance.,Positive,0.643792,0.526435
10 Best Foods for You,Love the interface and performance.,Positive,0.678435,0.459544
Google Maps,,,,
Google Maps,Love the interface and performance.,Positive,0.924166,0.982538
Spotify,Average experience overall.,Neutral,0,0.16942
Duolingo,Works great especially for daily use.,Positive,0.547741,0.536882
Instagram,Works great especially for daily use.,Positive,0.77672,0.596642
Spotify,Very helpful and easy to use.,Positive,0.205414,0.516554
Zomato,Works fine but can be better.,Neutral,0,0.320111
Google Maps,Not satisfied with the performance.,Negative,-0.877488,0.524466
WhatsApp,"Amazing experience, highly recommended.",Positive,0.97498,0.433159
WhatsApp,Very slow after the latest update.,Negative,-0.706702,0.49621
YouTube,Love the interface and performance.,Positive,0.35984,0.997812
Amazon Shopping,"Amazing experience, highly recommended.",Positive,0.95438,0.367719
YouTube,"Not bad, just decent.",Neutral,0,0.436489
Amazon Shopping,Works great especially for daily use.,Positive,0.772189,0.831261
Adobe Acrobat Reader,Love the interface and performance.,Positive,0.520644,0.60529
Swiggy,Excellent app with useful features.,Positive,0.832577,0.487624
Swiggy,Excellent app with useful features.,Positive,0.287496,0.398585
Telegram,"It's okay, needs some improvements.",Neutral,0,0.38161
Telegram,Very helpful and easy to use.,Positive,0.972573,0.544364
10 Best Foods for You,Love the interface and performance.,Positive,0.646395,0.750132
Canva,Love the interface and performance.,Positive,0.75235,0.320596
10 Best Foods for You,Excellent app with useful features.,Positive,0.292855,0.952541
Amazon Shopping,Works great especially for daily use.,Positive,0.616892,0.47864
Adobe Acrobat Reader,Works fine but can be better.,Neutral,0,0.133587
10 Best Foods for You,Very helpful and easy to use.,Positive,0.718376,0.741711
Amazon Shopping,Useful but has minor issues.,Neutral,0,0.187227
Amazon Shopping,"Amazing experience, highly recommended.",Positive,0.385484,0.524038
Amazon Shopping,"Not bad, just decent.",Neutral,0,0.114596
Spotify,"Amazing experience, highly recommended.",Positive,0.511069,0.763788
Canva,"It's okay, needs some improvements.",Neutral,0,0.388674
YouTube,Very helpful and easy to use.,Positive,0.357659,0.291164
Telegram,Very helpful and easy to use.,Positive,0.677577,0.689047
Spotify,"Amazing experience, highly recommended.",Positive,0.69389,0.850991
WhatsApp,Not satisfied with the performance.,Negative,-0.923723,0.393763
Adobe Acrobat Reader,Very helpful and easy to use.,Positive,0.754749,0.60866
Google Maps,"Amazing experience, highly recommended.",Positive,0.348603,0.708401
WhatsApp,Very slow after the latest update.,Negative,-0.500579,0.642749
Amazon Shopping,Useful but has minor issues.,Neutral,0,0.126806
Flipkart,Works great especially for daily use.,Positive,0.852173,0.971063
Netflix,"Amazing experience, highly recommended.",Positive,0.532504,0.871913
Instagram,Works great especially for daily use.,Positive,0.433672,0.419882
Netflix,Useful but has minor issues.,Neutral,0,0.471259
YouTube,Love the interface and performance.,Positive,0.291365,0.82009
Zomato,Excellent app with useful features.,Positive,0.808003,0.553093
Canva,Works great especially for daily use.,Positive,0.438167,0.99945
Instagram,App crashes frequently.,Negative,-0.604837,0.99577
YouTube,Love the interface and performance.,Positive,0.751307,0.888839
Spotify,Works great especially for daily use.,Positive,0.827879,0.850824
YouTube,Very helpful and easy to use.,Positive,0.677486,0.334702
WhatsApp,Love the interface and performance.,Positive,0.988391,0.743439
Adobe Acrobat Reader,"Not bad, just decent.",Neutral,0,0.559384
Duolingo,Works great especially for daily use.,Positive,0.399742,0.769116
Zomato,"Not bad, just decent.",Neutral,0,0.344729
Spotify,"Not bad, just decent.",Neutral,0,0.325996
Telegram,"Not bad, just decent.",Neutral,0,0.357807
Duolingo,Poor user experience.,Negative,-0.144771,0.529102
10 Best Foods for You,"It's okay, needs some improvements.",Neutral,0,0.465466
Instagram,"It's okay, needs some improvements.",Neutral,0,0.497839
Google Maps,Works great especially for daily use.,Positive,0.595772,0.458292
Duolingo,Love the interface and performance.,Positive,0.881938,0.830643
Swiggy,Excellent app with useful features.,Positive,0.700944,0.869362
10 Best Foods for You,Poor user experience.,Negative,-0.589134,0.994287
Google Maps,Average experience overall.,Neutral,0,0.541074
Duolingo,Too many ads.,Negative,-0.915994,0.552305
Adobe Acrobat Reader,Very slow after the latest update.,Negative,-0.953391,0.737923
WhatsApp,Excellent app with useful features.,Positive,0.762958,0.200869
Instagram,Love the interface and performance.,Positive,0.743986,0.20743
WhatsApp,"Amazing experience, highly recommended.",Positive,0.755225,0.58216
Canva,"It's okay, needs some improvements.",Neutral,0,0.151601
Flipkart,Works great especially for daily use.,Positive,0.713261,0.74171
Adobe Acrobat Reader,Works great especially for daily use.,Positive,0.55208,0.777946
Telegram,Not satisfied with the performance.,Negative,-0.38209,0.901974
Adobe Acrobat Reader,Excellent app with useful features.,Positive,0.671659,0.507226
Google Maps,Very helpful and easy to use.,Positive,0.715696,0.398534
Spotify,"It's okay, needs some improvements.",Neutral,0,0.523946
Telegram,Love the interface and performance.,Positive,0.607618,0.798275
Duolingo,Average experience overall.,Neutral,0,0.347444
Adobe Acrobat Reader,"It's okay, needs some improvements.",Neutral,0,0.364143
10 Best Foods for You,Very slow after the latest update.,Negative,-0.651846,0.887281
Google Maps,"Not bad, just decent.",Neutral,0,0.577226
YouTube,Excellent app with useful features.,Positive,0.409748,0.231861
10 Best Foods for You,Very helpful and easy to use.,Positive,0.702857,0.600839
Google Maps,Love the interface and performance.,Positive,0.630124,0.322144
Adobe Acrobat Reader,Works great especially for daily use.,Positive,0.979451,0.324302
Flipkart,"It's okay, needs some improvements.",Neutral,0,0.255085
Google Maps,"It's okay, needs some improvements.",Neutral,0,0.22224
Swiggy,Love the interface and performance.,Positive,0.244023,0.732864
Telegram,Works great especially for daily use.,Positive,0.7612,0.331066
Flipkart,Works fine but can be better.,Neutral,0,0.183481
Amazon Shopping,App crashes frequently.,Negative,-0.305713,0.320549
YouTube,Very helpful and easy to use.,Positive,0.769859,0.661321
Adobe Acrobat Reader,Excellent app with useful features.,Positive,0.599688,0.653509
Flipkart,Useful but has minor issues.,Neutral,0,0.43706
Adobe Acrobat Reader,Excellent app with useful features.,Positive,0.886951,0.20983
10 Best Foods for You,Works great especially for daily use.,Positive,0.343169,0.968274
10 Best Foods for You,Poor user experience.,Negative,-0.797936,0.473784
Swiggy,Excellent app with useful features.,Positive,0.657229,0.295521
Telegram,Love the interface and performance.,Positive,0.985131,0.963264
Adobe Acrobat Reader,Too many ads.,Negative,-0.705429,0.687164
10 Best Foods for You,Very helpful and easy to use.,Positive,0.791661,0.394067
Flipkart,Works great especially for daily use.,Positive,0.785971,0.637247
YouTube,"Amazing experience, highly recommended.",Positive,0.219128,0.633236
Telegram,Too many ads.,Negative,-0.998684,0.760113
Zomato,Works great especially for daily use.,Positive,0.623852,0.390534
Instagram,Very slow after the latest update.,Negative,-0.359513,0.365119
Swiggy,"Not bad, just decent.",Neutral,0,0.450423
Flipkart,Useful but has minor issues.,Neutral,0,0.147789
Amazon Shopping,Love the interface and performance.,Positive,0.654257,0.547986
Amazon Shopping,Very helpful and easy to use.,Positive,0.940834,0.514362
Zomato,Very helpful and easy to use.,Positive,0.386889,0.954844
Amazon Shopping,Works great especially for daily use.,Positive,0.284526,0.559653
Flipkart,Works great especially for daily use.,Positive,0.561534,0.570677
Zomato,Very helpful and easy to use.,Positive,0.861109,0.757502
10 Best Foods for You,Very slow after the latest update.,Negative,-0.917908,0.473753
Flipkart,Very helpful and easy to use.,Positive,0.408133,0.992541
10 Best Foods for You,Not satisfied with the performance.,Negative,-0.326729,0.474897
Instagram,"It's okay, needs some improvements.",Neutral,0,0.105978
Zomato,Works great especially for daily use.,Positive,0.858939,0.497792
Telegram,Love the interface and performance.,Positive,0.407057,0.850198
10 Best Foods for You,"Amazing experience, highly recommended.",Positive,0.847439,0.273583
Zomato,Excellent app with useful features.,Positive,0.953825,0.24051
Swiggy,"Not bad, just decent.",Neutral,0,0.348063
Google Maps,Works great especially for daily use.,Positive,0.926643,0.419985
Instagram,Love the interface and performance.,Positive,0.693582,0.717823
Instagram,Excellent app with useful features.,Positive,0.270177,0.506412
Google Maps,Not satisfied with the performance.,Negative,-0.775767,0.995861
Netflix,Too many ads.,Negative,-0.568284,0.847005
Flipkart,"Amazing experience, highly recommended.",Positive,0.416349,0.22085
Spotify,Too many ads.,Negative,-0.947268,0.994072
Netflix,Works great especially for daily use.,Positive,0.979184,0.280107
Telegram,Excellent app with useful features.,Positive,0.81124,0.958242
Spotify,Works fine but can be better.,Neutral,0,0.567603
Zomato,Very helpful and easy to use.,Positive,0.844968,0.758101
Swiggy,Works fine but can be better.,Neutral,0,0.573779
Spotify,Poor user experience.,Negative,-0.512088,0.42289
10 Best Foods for You,Works great especially for daily use.,Positive,0.215942,0.582391
Flipkart,Works great especially for daily use.,Positive,0.472607,0.341968
YouTube,Excellent app with useful features.,Positive,0.31817,0.763757
Amazon Shopping,Works fine but can be better.,Neutral,0,0.580279
Flipkart,Useful but has minor issues.,Neutral,0,0.150516
Duolingo,Poor user experience.,Negative,-0.287342,0.972463
Telegram,Useful but has minor issues.,Neutral,0,0.44678
Swiggy,Love the interface and performance.,Positive,0.851563,0.502707
WhatsApp,Excellent app with useful features.,Positive,0.95903,0.958959
Google Maps,Useful but has minor issues.,Neutral,0,0.116191
Spotify,Useful but has minor issues.,Neutral,0,0.210448
Spotify,Very helpful and easy to use.,Positive,0.796275,0.390397
Flipkart,App crashes frequently.,Negative,-0.260504,0.769017
WhatsApp,Very helpful and easy to use.,Positive,0.367747,0.754541
Flipkart,Excellent app with useful features.,Positive,0.238518,0.550576
Google Maps,Poor user experience.,Negative,-0.206406,0.545862
Google Maps,Love the interface and performance.,Positive,0.720776,0.749728
Amazon Shopping,"It's okay, needs some improvements.",Neutral,0,0.247454
Flipkart,Very helpful and easy to use.,Positive,0.336084,0.500366
WhatsApp,App crashes frequently.,Negative,-0.695844,0.989693
Swiggy,Works great especially for daily use.,Positive,0.685854,0.54736
10 Best Foods for You,Works great especially for daily use.,Positive,0.527424,0.64329
Swiggy,Very helpful and easy to use.,Positive,0.437921,0.276733
Google Maps,Average experience overall.,Neutral,0,0.127252
10 Best Foods for You,Love the interface and performance.,Positive,0.584263,0.27759
Canva,Excellent app with useful features.,Positive,0.578857,0.292407
YouTube,Very helpful and easy to use.,Positive,0.27291,0.635301
Amazon Shopping,Works great especially for daily use.,Positive,0.55662,0.410637
Instagram,Useful but has minor issues.,Neutral,0,0.13082
YouTube,Very helpful and easy to use.,Positive,0.846544,0.531189
YouTube,"Amazing experience, highly recommended.",Positive,0.854724,0.534906
Netflix,Not satisfied with the performance.,Negative,-0.206512,0.633384
Adobe Acrobat Reader,App crashes frequently.,Negative,-0.548109,0.930319
YouTube,Very slow after the latest update.,Negative,-0.891746,0.830032
Amazon Shopping,Works great especially for daily use.,Positive,0.846769,0.300949
Google Maps,Average experience overall.,Neutral,0,0.598635
Telegram,Very helpful and easy to use.,Positive,0.928644,0.931339
Adobe Acrobat Reader,Love the interface and performance.,Positive,0.460901,0.420961
Instagram,Love the interface and performance.,Positive,0.670061,0.825349
Adobe Acrobat Reader,Love the interface and performance.,Positive,0.666142,0.971865
Adobe Acrobat Reader,Excellent app with useful features.,Positive,0.828597,0.89398
Swiggy,"Amazing experience, highly recommended.",Positive,0.72383,0.657619
Instagram,,,,
Duolingo,"Not bad, just decent.",Neutral,0,0.119391
Swiggy,"It's okay, needs some improvements.",Neutral,0,0.472875
Swiggy,Very helpful and easy to use.,Positive,0.853909,0.442444
Duolingo,App crashes frequently.,Negative,-0.124753,0.45957
Duolingo,Very helpful and easy to use.,Positive,0.415536,0.533418
Telegram,"Amazing experience, highly recommended.",Positive,0.792756,0.807595
Zomato,Works great especially for daily use.,Positive,0.252494,0.767656
Google Maps,Not satisfied with the performance.,Negative,-0.973947,0.434934
Zomato,Excellent app with useful features.,Positive,0.565159,0.934425
WhatsApp,"Amazing experience, highly recommended.",Positive,0.604101,0.708328
Adobe Acrobat Reader,"Amazing experience, highly recommended.",Positive,0.675235,0.342067
Zomato,Very helpful and easy to use.,Positive,0.330811,0.915594
WhatsApp,Excellent app with useful features.,Positive,0.509253,0.330326
Spotify,Works great especially for daily use.,Positive,0.717904,0.742156
Duolingo,Excellent app with useful features.,Positive,0.579278,0.305851
Amazon Shopping,Very helpful and easy to use.,Positive,0.686675,0.954404
WhatsApp,"Not bad, just decent.",Neutral,0,0.547741
Zomato,"Amazing experience, highly recommended.",Positive,0.441716,0.61651
Spotify,Love the interface and performance.,Positive,0.999544,0.973188
Zomato,Useful but has minor issues.,Neutral,0,0.241338
Telegram,Very helpful and easy to use.,Positive,0.712476,0.889193
Duolingo,Too many ads.,Negative,-0.830476,0.662106
Canva,Useful but has minor issues.,Neutral,0,0.302049
Flipkart,"Not bad, just decent.",Neutral,0,0.598735
Duolingo,Excellent app with useful features.,Positive,0.666419,0.995803
Zomato,Average experience overall.,Neutral,0,0.443159
Telegram,Too many ads.,Negative,-0.543417,0.891793
Zomato,Very helpful and easy to use.,Positive,0.278082,0.302355
Duolingo,Works great especially for daily use.,Positive,0.957539,0.919673
Telegram,Very helpful and easy to use.,Positive,0.536378,0.909475
Flipkart,Excellent app with useful features.,Positive,0.576429,0.893115
Spotify,"Not bad, just decent.",Neutral,0,0.544713
Netflix,Useful but has minor issues.,Neutral,0,0.249178
10 Best Foods for You,Works great especially for daily use.,Positive,0.474136,0.989753
Swiggy,Very helpful and easy to use.,Positive,0.889915,0.344285
Adobe Acrobat Reader,Average experience overall.,Neutral,0,0.256707
10 Best Foods for You,,,,
Duolingo,Useful but has minor issues.,Neutral,0,0.482242
Instagram,Average experience overall.,Neutral,0,0.40724
Telegram,"Amazing experience, highly recommended.",Positive,0.506653,0.23018
Canva,Too many ads.,Negative,-0.318837,0.671724
10 Best Foods for You,Average experience overall.,Neutral,0,0.213133
Swiggy,"Amazing experience, highly recommended.",Positive,0.602669,0.444892
Adobe Acrobat Reader,Very helpful and easy to use.,Positive,0.564741,0.616231
Netflix,Very slow after the latest update.,Negative,-0.69154,0.930969
Flipkart,"Amazing experience, highly recommended.",Positive,0.2153,0.379457
Amazon Shopping,Love the interface and performance.,Positive,0.335188,0.493273
Telegram,Very helpful and easy to use.,Positive,0.817,0.698508
Spotify,"It's okay, needs some improvements.",Neutral,0,0.124118
Adobe Acrobat Reader,Love the interface and performance.,Positive,0.402191,0.761495
Canva,Works fine but can be better.,Neutral,0,0.310436
Adobe Acrobat Reader,Love the interface and performance.,Positive,0.760581,0.535061
Swiggy,"It's okay, needs some improvements.",Neutral,0,0.241353
YouTube,Works great especially for daily use.,Positive,0.822367,0.865199
Canva,Works great especially for daily use.,Positive,0.231525,0.597084
Canva,Works great especially for daily use.,Positive,0.20219,0.737307
Swiggy,"Amazing experience, highly recommended.",Positive,0.319316,0.272066
Netflix,Works fine but can be better.,Neutral,0,0.422168
Instagram,"Amazing experience, highly recommended.",Positive,0.240064,0.850543
Zomato,,,,
Duolingo,"Not bad, just decent.",Neutral,0,0.46927
Adobe Acrobat Reader,App crashes frequently.,Negative,-0.233201,0.764349
Amazon Shopping,Not satisfied with the performance.,Negative,-0.758522,0.813148
Flipkart,"Amazing experience, highly recommended.",Positive,0.5202,0.565231
Zomato,Poor user experience.,Negative,-0.416038,0.857837
Adobe Acrobat Reader,Average experience overall.,Neutral,0,0.151857
Swiggy,"Not bad, just decent.",Neutral,0,0.19063
Google Maps,Average experience overall.,Neutral,0,0.34154
Instagram,Excellent app with useful features.,Positive,0.250669,0.723979
10 Best Foods for You,Useful but has minor issues.,Neutral,0,0.461887
Canva,Works fine but can be better.,Neutral,0,0.35955
WhatsApp,Works great especially for daily use.,Positive,0.585544,0.730969
Telegram,Useful but has minor issues.,Neutral,0,0.546031
Spotify,Average experience overall.,Neutral,0,0.352784
Instagram,App crashes frequently.,Negative,-0.323713,0.524444
Flipkart,Works great especially for daily use.,Positive,0.640396,0.50291
Zomato,Love the interface and performance.,Positive,0.558479,0.885271
Instagram,App crashes frequently.,Negative,-0.907621,0.588637
Netflix,Useful but has minor issues.,Neutral,0,0.581586
Telegram,Works great especially for daily use.,Positive,0.723677,0.564966
Flipkart,Works great especially for daily use.,Positive,0.875454,0.465578
YouTube,Very helpful and easy to use.,Positive,0.772731,0.291219
YouTube,Very helpful and easy to use.,Positive,0.863907,0.971547
Duolingo,Excellent app with useful features.,Positive,0.236622,0.331324
Amazon Shopping,"Not bad, just decent.",Neutral,0,0.153481
Spotify,"Amazing experience, highly recommended.",Positive,0.372472,0.859643
Canva,"Amazing experience, highly recommended.",Positive,0.2372,0.706592
Telegram,"Not bad, just decent.",Neutral,0,0.328694
Spotify,"Amazing experience, highly recommended.",Positive,0.20347,0.788971
Netflix,"Not bad, just decent.",Neutral,0,0.562185
YouTube,Love the interface and performance.,Positive,0.33892,0.852195
Adobe Acrobat Reader,Works fine but can be better.,Neutral,0,0.352055
Google Maps,Average experience overall.,Neutral,0,0.236798
Flipkart,Works great especially for daily use.,Positive,0.310544,0.68202
Swiggy,Love the interface and performance.,Positive,0.888566,0.769499
Swiggy,Works great especially for daily use.,Positive,0.699334,0.432464
Flipkart,Works great especially for daily use.,Positive,0.603115,0.75545
Flipkart,Useful but has minor issues.,Neutral,0,0.340185
Spotify,Useful but has minor issues.,Neutral,0,0.242964
Zomato,Excellent app with useful features.,Positive,0.220218,0.316261
Telegram,Works great especially for daily use.,Positive,0.986826,0.746712
Amazon Shopping,Works fine but can be better.,Neutral,0,0.202
Netflix,,,,
Zomato,Useful but has minor issues.,Neutral,0,0.532421
WhatsApp,Love the interface and performance.,Positive,0.827446,0.839057
Duolingo,"Amazing experience, highly recommended.",Positive,0.510044,0.965362
Telegram,Excellent app with useful features.,Positive,0.794936,0.36247
Zomato,Very slow after the latest update.,Negative,-0.179662,0.79324
Telegram,Love the interface and performance.,Positive,0.357175,0.779932
Canva,Excellent app with useful features.,Positive,0.349581,0.339036
Netflix,Very helpful and easy to use.,Positive,0.645279,0.304053
Spotify,"Amazing experience, highly recommended.",Positive,0.767751,0.323845
Amazon Shopping,Love the interface and performance.,Positive,0.874512,0.440924
YouTube,Very helpful and easy to use.,Positive,0.620316,0.96559
Netflix,"Amazing experience, highly recommended.",Positive,0.634464,0.522734
Flipkart,Very helpful and easy to use.,Positive,0.464853,0.434859
YouTube,Love the interface and performance.,Positive,0.858951,0.984907
10 Best Foods for You,Works great especially for daily use.,Positive,0.923597,0.690961
Spotify,Very helpful and easy to use.,Positive,0.505098,0.836965
Adobe Acrobat Reader,Very helpful and easy to use.,Positive,0.219765,0.613494
YouTube,"Not bad, just decent.",Neutral,0,0.343402
Duolingo,Love the interface and performance.,Positive,0.265876,0.276765
YouTube,Excellent app with useful features.,Positive,0.368625,0.703612
Canva,Excellent app with useful features.,Positive,0.364464,0.862999
Swiggy,"It's okay, needs some improvements.",Neutral,0,0.473445
Amazon Shopping,,,,
WhatsApp,Excellent app with useful features.,Positive,0.342394,0.401526
Adobe Acrobat Reader,Very helpful and easy to use.,Positive,0.526106,0.560901
Google Maps,Excellent app with useful features.,Positive,0.627867,0.713138
Spotify,"It's okay, needs some improvements.",Neutral,0,0.450441
Adobe Acrobat Reader,Very helpful and easy to use.,Positive,0.829514,0.441081
Adobe Acrobat Reader,Poor user experience.,Negative,-0.644398,0.762506
Instagram,"Amazing experience, highly recommended.",Positive,0.837416,0.879574
Duolingo,Very helpful and easy to use.,Positive,0.965913,0.20892
Zomato,Excellent app with useful features.,Positive,0.658175,0.515265
Netflix,Very helpful and easy to use.,Positive,0.36939,0.924502
Zomato,Works great especially for daily use.,Positive,0.693508,0.402193
Adobe Acrobat Reader,"It's okay, needs some improvements.",Neutral,0,0.525694
Swiggy,Love the interface and performance.,Positive,0.258516,0.737348
Duolingo,"Not bad, just decent.",Neutral,0,0.57577
Flipkart,"It's okay, needs some improvements.",Neutral,0,0.242569
Adobe Acrobat Reader,"Amazing experience, highly recommended.",Positive,0.462677,0.727538
WhatsApp,Very helpful and easy to use.,Positive,0.84616,0.966927
Amazon Shopping,,,,
Canva,"Not bad, just decent.",Neutral,0,0.23834
Flipkart,"Not bad, just decent.",Neutral,0,0.331424
Flipkart,Excellent app with useful features.,Positive,0.340616,0.685302
Zomato,Useful but has minor issues.,Neutral,0,0.198216
WhatsApp,Excellent app with useful features.,Positive,0.913684,0.87967
Telegram,,,,
Spotify,Average experience overall.,Neutral,0,0.553152
Netflix,Not satisfied with the performance.,Negative,-0.575106,0.842638
Flipkart,Not satisfied with the performance.,Negative,-0.340096,0.503699
Instagram,Very helpful and easy to use.,Positive,0.601734,0.730143
Zomato,Very slow after the latest update.,Negative,-0.318515,0.398259
Amazon Shopping,Very slow after the latest update.,Negative,-0.337672,0.638452
Flipkart,,,,
YouTube,Very helpful and easy to use.,Positive,0.387215,0.734868
Netflix,"Amazing experience, highly recommended.",Positive,0.934322,0.905242
10 Best Foods for You,Love the interface and performance.,Positive,0.706854,0.418796
WhatsApp,Works great especially for daily use.,Positive,0.501328,0.502815
Spotify,Useful but has minor issues.,Neutral,0,0.225793
Swiggy,Very helpful and easy to use.,Positive,0.589489,0.585688
Spotify,,,,
Swiggy,Excellent app with useful features.,Positive,0.611633,0.424648
Amazon Shopping,Excellent app with useful features.,Positive,0.728888,0.531691
Flipkart,"Amazing experience, highly recommended.",Positive,0.583217,0.672633
Telegram,Excellent app with useful features.,Positive,0.302308,0.673878
Amazon Shopping,Love the interface and performance.,Positive,0.317492,0.333073
Swiggy,Not satisfied with the performance.,Negative,-0.127681,0.746336
Swiggy,Works fine but can be better.,Neutral,0,0.573627
Canva,Poor user experience.,Negative,-0.84649,0.881255
Spotify,Works great especially for daily use.,Positive,0.698569,0.608644
Amazon Shopping,"Amazing experience, highly recommended.",Positive,0.677227,0.255074
Google Maps,Works great especially for daily use.,Positive,0.618169,0.927471
Telegram,Excellent app with useful features.,Positive,0.341938,0.921287
Spotify,,,,
YouTube,"It's okay, needs some improvements.",Neutral,0,0.34112
Amazon Shopping,Excellent app with useful features.,Positive,0.917575,0.819896
Telegram,Excellent app with useful features.,Positive,0.758114,0.543165
YouTube,Works fine but can be better.,Neutral,0,0.394524
WhatsApp,Useful but has minor issues.,Neutral,0,0.148858
Amazon Shopping,"It's okay, needs some improvements.",Neutral,0,0.241633
Swiggy,Excellent app with useful features.,Positive,0.767319,0.831538
Spotify,"Amazing experience, highly recommended.",Positive,0.723637,0.750213
Flipkart,"Amazing experience, highly recommended.",Positive,0.721261,0.402906
Zomato,Love the interface and performance.,Positive,0.420448,0.744485
YouTube,Love the interface and performance.,Positive,0.585974,0.49617
Netflix,Not satisfied with the performance.,Negative,-0.690079,0.793846
WhatsApp,App crashes frequently.,Negative,-0.326967,0.612616
WhatsApp,Love the interface and performance.,Positive,0.520449,0.47075
Netflix,"It's okay, needs some improvements.",Neutral,0,0.180369
Telegram,,,,
Adobe Acrobat Reader,Love the interface and performance.,Positive,0.548302,0.251264
Canva,"Not bad, just decent.",Neutral,0,0.565342
Google Maps,Love the interface and performance.,Positive,0.24597,0.818887
Amazon Shopping,Works great especially for daily use.,Positive,0.880454,0.944607
Netflix,Love the interface and performance.,Positive,0.608438,0.75876
Spotify,Works great especially for daily use.,Positive,0.724015,0.980517
Adobe Acrobat Reader,Works fine but can be better.,Neutral,0,0.434831
Google Maps,Excellent app with useful features.,Positive,0.935342,0.639674
WhatsApp,Too many ads.,Negative,-0.687272,0.87086
Canva,"Amazing experience, highly recommended.",Positive,0.659925,0.408886
Google Maps,Love the interface and performance.,Positive,0.435401,0.957612
YouTube,Love the interface and performance.,Positive,0.850518,0.659915
WhatsApp,"Amazing experience, highly recommended.",Positive,0.815974,0.805979
YouTube,Love the interface and performance.,Positive,0.889619,0.585576
Duolingo,Average experience overall.,Neutral,0,0.438456
Canva,Very helpful and easy to use.,Positive,0.613203,0.207779
Zomato,"Amazing experience, highly recommended.",Positive,0.738958,0.85686
Adobe Acrobat Reader,Very helpful and easy to use.,Positive,0.48283,0.915453
Duolingo,Average experience overall.,Neutral,0,0.3495
Canva,Very helpful and easy to use.,Positive,0.365423,0.362213
Canva,Excellent app with useful features.,Positive,0.295903,0.26279
Telegram,Love the interface and performance.,Positive,0.966394,0.878408
Flipkart,Love the interface and performance.,Positive,0.895015,0.592644
YouTube,Works great especially for daily use.,Positive,0.800136,0.302597
Netflix,Love the interface and performance.,Positive,0.22605,0.477831
Zomato,Excellent app with useful features.,Positive,0.758596,0.568056
WhatsApp,,,,
Telegram,Very helpful and easy to use.,Positive,0.489282,0.889474
Amazon Shopping,"Amazing experience, highly recommended.",Positive,0.966821,0.474477
Amazon Shopping,Very helpful and easy to use.,Positive,0.492062,0.520474
Instagram,Love the interface and performance.,Positive,0.74881,0.851353
WhatsApp,"Amazing experience, highly recommended.",Positive,0.885047,0.356851
YouTube,Excellent app with useful features.,Positive,0.341286,0.599678
Swiggy,Very helpful and easy to use.,Positive,0.828266,0.440027
Netflix,Excellent app with useful features.,Positive,0.752435,0.248029
Zomato,"It's okay, needs some improvements.",Neutral,0,0.324927
Flipkart,Love the interface and performance.,Positive,0.945476,0.406172
10 Best Foods for You,Love the interface and performance.,Positive,0.359166,0.660716
Telegram,Too many ads.,Negative,-0.680402,0.771235
Instagram,Excellent app with useful features.,Positive,0.504857,0.429219
Telegram,Too many ads.,Negative,-0.620365,0.728617
Google Maps,Works great especially for daily use.,Positive,0.4749,0.450786
Telegram,"Amazing experience, highly recommended.",Positive,0.416998,0.555919
Zomato,Useful but has minor issues.,Neutral,0,0.582763
Google Maps,Very slow after the latest update.,Negative,-0.345005,0.763416
WhatsApp,Works great especially for daily use.,Positive,0.517636,0.276443
Swiggy,Excellent app with useful features.,Positive,0.816747,0.619186
Adobe Acrobat Reader,"It's okay, needs some improvements.",Neutral,0,0.427416
Swiggy,Very helpful and easy to use.,Positive,0.554528,0.301129
Netflix,Very helpful and easy to use.,Positive,0.888295,0.460161
Instagram,Too many ads.,Negative,-0.506309,0.39458
WhatsApp,"Amazing experience, highly recommended.",Positive,0.704838,0.708681
Spotify,Useful but has minor issues.,Neutral,0,0.254831
Flipkart,Excellent app with useful features.,Positive,0.553488,0.492627
Duolingo,Love the interface and performance.,Positive,0.852304,0.878357
Flipkart,"Amazing experience, highly recommended.",Positive,0.957566,0.581654
10 Best Foods for You,Useful but has minor issues.,Neutral,0,0.215608
10 Best Foods for You,Love the interface and performance.,Positive,0.549685,0.399917
WhatsApp,"Amazing experience, highly recommended.",Positive,0.376474,0.263368
Telegram,Useful but has minor issues.,Neutral,0,0.503787
Telegram,Useful but has minor issues.,Neutral,0,0.504404
Google Maps,Works great especially for daily use.,Positive,0.431676,0.709514
Spotify,"Not bad, just decent.",Neutral,0,0.193895
10 Best Foods for You,App crashes frequently.,Negative,-0.832656,0.371591
Duolingo,Excellent app with useful features.,Positive,0.386248,0.320547
Instagram,"Amazing experience, highly recommended.",Positive,0.998371,0.570948
YouTube,,,,
Adobe Acrobat Reader,App crashes frequently.,Negative,-0.760147,0.574695
Netflix,Very helpful and easy to use.,Positive,0.853801,0.862602
Adobe Acrobat Reader,"Not bad, just decent.",Neutral,0,0.485613
Instagram,Very slow after the latest update.,Negative,-0.585249,0.839697
Netflix,"Amazing experience, highly recommended.",Positive,0.745154,0.449687
Flipkart,Useful but has minor issues.,Neutral,0,0.360463
Duolingo,Very helpful and easy to use.,Positive,0.910016,0.890926
Canva,"Amazing experience, highly recommended.",Positive,0.459611,0.333888
Duolingo,Works great especially for daily use.,Positive,0.207144,0.233595
YouTube,Average experience overall.,Neutral,0,0.285699
Adobe Acrobat Reader,Love the interface and performance.,Positive,0.470738,0.975721
YouTube,Works great especially for daily use.,Positive,0.761063,0.833173
Amazon Shopping,Love the interface and performance.,Positive,0.830849,0.805358
YouTube,"It's okay, needs some improvements.",Neutral,0,0.444625
Flipkart,Excellent app with useful features.,Positive,0.588242,0.55
Duolingo,Love the interface and performance.,Positive,0.349301,0.478132
WhatsApp,Not satisfied with the performance.,Negative,-0.176973,0.688164
Adobe Acrobat Reader,Very helpful and easy to use.,Positive,0.633285,0.563263
YouTube,Works great especially for daily use.,Positive,0.906346,0.695788
Flipkart,Excellent app with useful features.,Positive,0.726632,0.631165
Google Maps,Useful but has minor issues.,Neutral,0,0.177066
Duolingo,"It's okay, needs some improvements.",Neutral,0,0.148128
Telegram,Average experience overall.,Neutral,0,0.189319
10 Best Foods for You,Excellent app with useful features.,Positive,0.225454,0.713401
Google Maps,Love the interface and performance.,Positive,0.404751,0.493083
Spotify,Works great especially for daily use.,Positive,0.724599,0.942723
Zomato,"It's okay, needs some improvements.",Neutral,0,0.280463
WhatsApp,Very helpful and easy to use.,Positive,0.8354,0.24664
Spotify,Excellent app with useful features.,Positive,0.867565,0.262348
Canva,Works great especially for daily use.,Positive,0.625329,0.351568
Netflix,Works great especially for daily use.,Positive,0.646739,0.646513
WhatsApp,Works fine but can be better.,Neutral,0,0.437246
WhatsApp,Very slow after the latest update.,Negative,-0.286785,0.684976
Netflix,Love the interface and performance.,Positive,0.55441,0.481859
Flipkart,Too many ads.,Negative,-0.628891,0.743269
Zomato,Useful but has minor issues.,Neutral,0,0.372813
Google Maps,Too many ads.,Negative,-0.675992,0.616682
Google Maps,,,,
10 Best Foods for You,Love the interface and performance.,Positive,0.308069,0.91226
10 Best Foods for You,Very helpful and easy to use.,Positive,0.217361,0.857552
WhatsApp,Not satisfied with the performance.,Negative,-0.499309,0.948146
Amazon Shopping,Works great especially for daily use.,Positive,0.310727,0.493666
Spotify,Very helpful and easy to use.,Positive,0.273524,0.519839
Swiggy,Very helpful and easy to use.,Positive,0.834323,0.338322
Zomato,"It's okay, needs some improvements.",Neutral,0,0.397616
Duolingo,,,,
YouTube,Excellent app with useful features.,Positive,0.937497,0.467512
Swiggy,Excellent app with useful features.,Positive,0.895829,0.381374
Telegram,Poor user experience.,Negative,-0.951285,0.667068
Flipkart,Love the interface and performance.,Positive,0.758215,0.322558
Telegram,"Amazing experience, highly recommended.",Positive,0.802272,0.660204
Adobe Acrobat Reader,"Amazing experience, highly recommended.",Positive,0.31841,0.468935
Instagram,"Amazing experience, highly recommended.",Positive,0.410046,0.518822
Google Maps,Works great especially for daily use.,Positive,0.584738,0.358487
Google Maps,Love the interface and performance.,Positive,0.997663,0.619398
Canva,Works fine but can be better.,Neutral,0,0.442369
Spotify,"Not bad, just decent.",Neutral,0,0.282634
Canva,Excellent app with useful features.,Positive,0.815745,0.335404
Flipkart,Poor user experience.,Negative,-0.439136,0.608324
Swiggy,Very helpful and easy to use.,Positive,0.324793,0.782789
Adobe Acrobat Reader,Love the interface and performance.,Positive,0.941384,0.895002
Zomato,Excellent app with useful features.,Positive,0.444094,0.576952
Flipkart,Works great especially for daily use.,Positive,0.637139,0.800284
Netflix,Average experience overall.,Neutral,0,0.447536
Telegram,,,,
Spotify,Very helpful and easy to use.,Positive,0.336256,0.427211
YouTube,"Amazing experience, highly recommended.",Positive,0.723806,0.206667
Google Maps,Works fine but can be better.,Neutral,0,0.532141
10 Best Foods for You,Poor user experience.,Negative,-0.791948,0.566491
WhatsApp,Love the interface and performance.,Positive,0.625249,0.349134
Netflix,Excellent app with useful features.,Positive,0.231802,0.937816
Duolingo,Works great especially for daily use.,Positive,0.214698,0.747449
Flipkart,Love the interface and performance.,Positive,0.420703,0.249608
Duolingo,App crashes frequently.,Negative,-0.150277,0.964381
Canva,Very slow after the latest update.,Negative,-0.920984,0.567545
Telegram,Average experience overall.,Neutral,0,0.308667
Spotify,Not satisfied with the performance.,Negative,-0.703644,0.679564
Canva,Works great especially for daily use.,Positive,0.89007,0.447199
WhatsApp,Poor user experience.,Negative,-0.103883,0.983044
Amazon Shopping,Works great especially for daily use.,Positive,0.453997,0.645872
WhatsApp,Works great especially for daily use.,Positive,0.781664,0.812348
Swiggy,Too many ads.,Negative,-0.601296,0.953638
Swiggy,Average experience overall.,Neutral,0,0.489554
Adobe Acrobat Reader,Love the interface and performance.,Positive,0.693557,0.684484
Spotify,Excellent app with useful features.,Positive,0.487409,0.750513
Instagram,"Not bad, just decent.",Neutral,0,0.45601
Flipkart,"Amazing experience, highly recommended.",Positive,0.31001,0.354608
10 Best Foods for You,Too many ads.,Negative,-0.144822,0.455788
Telegram,"It's okay, needs some improvements.",Neutral,0,0.188539
Instagram,Very helpful and easy to use.,Positive,0.89342,0.91007
Google Maps,"Amazing experience, highly recommended.",Positive,0.776161,0.515321
WhatsApp,Excellent app with useful features.,Positive,0.616519,0.561288
Zomato,Very slow after the latest update.,Negative,-0.533168,0.576928
WhatsApp,,,,
Google Maps,"It's okay, needs some improvements.",Neutral,0,0.194925
Instagram,Very helpful and easy to use.,Positive,0.569078,0.53797
Spotify,Average experience overall.,Neutral,0,0.331789
Telegram,"It's okay, needs some improvements.",Neutral,0,0.189886
Spotify,Average experience overall.,Neutral,0,0.296533
Flipkart,Love the interface and performance.,Positive,0.917294,0.916636
Swiggy,Works great especially for daily use.,Positive,0.7747,0.298835
Adobe Acrobat Reader,"It's okay, needs some improvements.",Neutral,0,0.361909
Google Maps,Not satisfied with the performance.,Negative,-0.145221,0.565075
Google Maps,,,,
Amazon Shopping,Works great especially for daily use.,Positive,0.329699,0.315686
YouTube,Very helpful and easy to use.,Positive,0.784129,0.968773
Duolingo,Works great especially for daily use.,Positive,0.968347,0.202826
YouTube,"Amazing experience, highly recommended.",Positive,0.634801,0.2046
Swiggy,"Amazing experience, highly recommended.",Positive,0.562991,0.5535
Spotify,Love the interface and performance.,Positive,0.42249,0.702908
Zomato,Works great especially for daily use.,Positive,0.244051,0.479216
Amazon Shopping,Useful but has minor issues.,Neutral,0,0.249221
Swiggy,Works great especially for daily use.,Positive,0.329068,0.427504
Telegram,Love the interface and performance.,Positive,0.341935,0.56427
Spotify,Very helpful and easy to use.,Positive,0.458257,0.918024
Zomato,Love the interface and performance.,Positive,0.251941,0.576653
Adobe Acrobat Reader,Love the interface and performance.,Positive,0.531006,0.367876
Canva,Love the interface and performance.,Positive,0.989751,0.58693
WhatsApp,Works fine but can be better.,Neutral,0,0.313527
Zomato,Love the interface and performance.,Positive,0.483083,0.303771
Spotify,"Not bad, just decent.",Neutral,0,0.346252
Amazon Shopping,Very helpful and easy to use.,Positive,0.983406,0.201265
10 Best Foods for You,Average experience overall.,Neutral,0,0.499782
Google Maps,Love the interface and performance.,Positive,0.844835,0.36987
Telegram,Excellent app with useful features.,Positive,0.446218,0.605352
Flipkart,Very helpful and easy to use.,Positive,0.473089,0.779517
Spotify,Average experience overall.,Neutral,0,0.265257
Flipkart,"Amazing experience, highly recommended.",Positive,0.837804,0.716522
Instagram,Love the interface and performance.,Positive,0.916743,0.569976
Zomato,Useful but has minor issues.,Neutral,0,0.249672
WhatsApp,Excellent app with useful features.,Positive,0.36661,0.748395
YouTube,"It's okay, needs some improvements.",Neutral,0,0.584807
Duolingo,"Amazing experience, highly recommended.",Positive,0.701209,0.873925
Spotify,Excellent app with useful features.,Positive,0.891675,0.801232
WhatsApp,Works fine but can be better.,Neutral,0,0.306935
Instagram,Very helpful and easy to use.,Positive,0.372912,0.441855
Adobe Acrobat Reader,Works great especially for daily use.,Positive,0.930683,0.555019
10 Best Foods for You,Very slow after the latest update.,Negative,-0.828809,0.946546
WhatsApp,Very helpful and easy to use.,Positive,0.314636,0.897439
Zomato,Works great especially for daily use.,Positive,0.36415,0.229242
Google Maps,Excellent app with useful features.,Positive,0.448785,0.235224
Zomato,"Amazing experience, highly recommended.",Positive,0.911349,0.282482
YouTube,Love the interface and performance.,Positive,0.806795,0.711081
Canva,Very helpful and easy to use.,Positive,0.625821,0.81823
Telegram,Very helpful and easy to use.,Positive,0.291568,0.966638
Netflix,Very helpful and easy to use.,Positive,0.639493,0.416842
WhatsApp,Works great especially for daily use.,Positive,0.256994,0.69061
Flipkart,Excellent app with useful features.,Positive,0.576588,0.740397
Adobe Acrobat Reader,"Amazing experience, highly recommended.",Positive,0.343186,0.676897
Spotify,"Not bad, just decent.",Neutral,0,0.408158
Duolingo,Love the interface and performance.,Positive,0.262836,0.938227
YouTube,"Amazing experience, highly recommended.",Positive,0.27781,0.448313
Telegram,Works great especially for daily use.,Positive,0.957959,0.314977
Swiggy,Poor user experience.,Negative,-0.834982,0.942085
Flipkart,Poor user experience.,Negative,-0.561244,0.345756
Adobe Acrobat Reader,Works great especially for daily use.,Positive,0.425806,0.478892
Spotify,Excellent app with useful features.,Positive,0.460696,0.719561
YouTube,Love the interface and performance.,Positive,0.530754,0.6967
Netflix,Excellent app with useful features.,Positive,0.472571,0.851133
Spotify,Not satisfied with the performance.,Negative,-0.291406,0.681169
Canva,Useful but has minor issues.,Neutral,0,0.518374
Adobe Acrobat Reader,Love the interface and performance.,Positive,0.278123,0.556173
Duolingo,Excellent app with useful features.,Positive,0.748407,0.677124
Zomato,Excellent app with useful features.,Positive,0.272426,0.853627
Swiggy,"It's okay, needs some improvements.",Neutral,0,0.478539
Telegram,"Amazing experience, highly recommended.",Positive,0.692458,0.557728
Canva,Love the interface and performance.,Positive,0.835477,0.743647
Swiggy,Very helpful and easy to use.,Positive,0.992231,0.666182
Spotify,Works great especially for daily use.,Positive,0.882004,0.249928
Swiggy,Love the interface and performance.,Positive,0.856603,0.487396
Zomato,"Amazing experience, highly recommended.",Positive,0.761778,0.515415
Flipkart,"Amazing experience, highly recommended.",Positive,0.636095,0.72999
Instagram,Very helpful and easy to use.,Positive,0.87197,0.323414
Zomato,Excellent app with useful features.,Positive,0.718711,0.315197
Swiggy,Works great especially for daily use.,Positive,0.267731,0.713794
Google Maps,Not satisfied with the performance.,Negative,-0.16272,0.736274
Instagram,"Amazing experience, highly recommended.",Positive,0.507772,0.380593
Google Maps,Works great especially for daily use.,Positive,0.769704,0.4154
Swiggy,Excellent app with useful features.,Positive,0.65452,0.763906
Adobe Acrobat Reader,App crashes frequently.,Negative,-0.872121,0.811905
Zomato,"Not bad, just decent.",Neutral,0,0.358475
Netflix,"Amazing experience, highly recommended.",Positive,0.70453,0.73099
Telegram,Useful but has minor issues.,Neutral,0,0.25625
10 Best Foods for You,Excellent app with useful features.,Positive,0.575095,0.61013
Instagram,Very helpful and easy to use.,Positive,0.968465,0.838579
Duolingo,Useful but has minor issues.,Neutral,0,0.474713
WhatsApp,"Amazing experience, highly recommended.",Positive,0.662513,0.658288
Telegram,Useful but has minor issues.,Neutral,0,0.113649
Instagram,Very helpful and easy to use.,Positive,0.401641,0.692638
Duolingo,Excellent app with useful features.,Positive,0.683057,0.928105
WhatsApp,Works great especially for daily use.,Positive,0.409002,0.76062
Instagram,Excellent app with useful features.,Positive,0.474278,0.267521
Amazon Shopping,"Not bad, just decent.",Neutral,0,0.476381
Google Maps,"Amazing experience, highly recommended.",Positive,0.780799,0.333827
Spotify,Very helpful and easy to use.,Positive,0.804387,0.292795
Amazon Shopping,"Amazing experience, highly recommended.",Positive,0.79692,0.801942
Netflix,"Not bad, just decent.",Neutral,0,0.337295
Amazon Shopping,Very helpful and easy to use.,Positive,0.941778,0.559056
Telegram,Excellent app with useful features.,Positive,0.277891,0.625035
Flipkart,Very helpful and easy to use.,Positive,0.467974,0.41367
Adobe Acrobat Reader,"Amazing experience, highly recommended.",Positive,0.818521,0.799273
WhatsApp,Useful but has minor issues.,Neutral,0,0.268703
WhatsApp,Excellent app with useful features.,Positive,0.738241,0.865352
10 Best Foods for You,"Amazing experience, highly recommended.",Positive,0.481213,0.780201
Duolingo,Excellent app with useful features.,Positive,0.245506,0.675311
Swiggy,App crashes frequently.,Negative,-0.362732,0.383984
Zomato,Love the interface and performance.,Positive,0.84256,0.347815
Adobe Acrobat Reader,"Amazing experience, highly recommended.",Positive,0.728382,0.260571
Instagram,"Amazing experience, highly recommended.",Positive,0.753777,0.734063
YouTube,Excellent app with useful features.,Positive,0.42183,0.24991
Google Maps,Very helpful and easy to use.,Positive,0.342344,0.255519
Swiggy,"Amazing experience, highly recommended.",Positive,0.286744,0.632506
Google Maps,"Not bad, just decent.",Neutral,0,0.4577
Adobe Acrobat Reader,,,,
Adobe Acrobat Reader,"Amazing experience, highly recommended.",Positive,0.215012,0.598161
Telegram,Poor user experience.,Negative,-0.760207,0.790039
Swiggy,"Amazing experience, highly recommended.",Positive,0.582512,0.52313
WhatsApp,Useful but has minor issues.,Neutral,0,0.212923
Google Maps,"Not bad, just decent.",Neutral,0,0.160602
Netflix,Very helpful and easy to use.,Positive,0.520492,0.705818
Telegram,Very helpful and easy to use.,Positive,0.264365,0.567711
YouTube,Love the interface and performance.,Positive,0.231465,0.507331
Canva,Excellent app with useful features.,Positive,0.704494,0.487409
Adobe Acrobat Reader,Works great especially for daily use.,Positive,0.311954,0.354474
WhatsApp,"Amazing experience, highly recommended.",Positive,0.250394,0.632442
Duolingo,Poor user experience.,Negative,-0.130083,0.311493
Flipkart,"It's okay, needs some improvements.",Neutral,0,0.302754
Canva,"Not bad, just decent.",Neutral,0,0.570045
Zomato,Love the interface and performance.,Positive,0.386389,0.257627
WhatsApp,"Not bad, just decent.",Neutral,0,0.553589
Spotify,,,,
WhatsApp,Excellent app with useful features.,Positive,0.92373,0.856591
Adobe Acrobat Reader,Love the interface and performance.,Positive,0.251166,0.853976
Adobe Acrobat Reader,Average experience overall.,Neutral,0,0.131555
Canva,"Not bad, just decent.",Neutral,0,0.262117
Telegram,Works great especially for daily use.,Positive,0.811382,0.674468
Flipkart,"Amazing experience, highly recommended.",Positive,0.334441,0.495942
Amazon Shopping,App crashes frequently.,Negative,-0.879966,0.853737
Telegram,"It's okay, needs some improvements.",Neutral,0,0.539813
Adobe Acrobat Reader,,,,
Amazon Shopping,Useful but has minor issues.,Neutral,0,0.543458
Google Maps,"Not bad, just decent.",Neutral,0,0.446179
Canva,"Amazing experience, highly recommended.",Positive,0.529625,0.950472
Spotify,"Amazing experience, highly recommended.",Positive,0.68964,0.270417
Zomato,Excellent app with useful features.,Positive,0.646168,0.353522
Netflix,Useful but has minor issues.,Neutral,0,0.35377
Instagram,Works fine but can be better.,Neutral,0,0.126535
Adobe Acrobat Reader,"Not bad, just decent.",Neutral,0,0.348757
Amazon Shopping,Very helpful and easy to use.,Positive,0.428052,0.547737
Flipkart,Poor user experience.,Negative,-0.961014,0.818292
Swiggy,Excellent app with useful features.,Positive,0.588049,0.292852
Swiggy,Love the interface and performance.,Positive,0.460778,0.359001
Telegram,Excellent app with useful features.,Positive,0.460906,0.278451
WhatsApp,Works great especially for daily use.,Positive,0.258824,0.668074
10 Best Foods for You,Love the interface and performance.,Positive,0.563993,0.509864
Amazon Shopping,Very helpful and easy to use.,Positive,0.980445,0.361769
Amazon Shopping,,,,
Spotify,"Amazing experience, highly recommended.",Positive,0.566863,0.336961
Flipkart,Works great especially for daily use.,Positive,0.831638,0.710399
Spotify,Love the interface and performance.,Positive,0.884003,0.269179
Zomato,Very slow after the latest update.,Negative,-0.467577,0.885892
Duolingo,,,,
Google Maps,Very helpful and easy to use.,Positive,0.547399,0.377925
Swiggy,Love the interface and performance.,Positive,0.918601,0.534217
10 Best Foods for You,,,,
Instagram,"Amazing experience, highly recommended.",Positive,0.624897,0.583415
YouTube,"Amazing experience, highly recommended.",Positive,0.392409,0.64679
10 Best Foods for You,Works great especially for daily use.,Positive,0.30617,0.436632
Telegram,Very helpful and easy to use.,Positive,0.329442,0.567426
Spotify,"Amazing experience, highly recommended.",Positive,0.571009,0.310899
WhatsApp,Works fine but can be better.,Neutral,0,0.413405
WhatsApp,App crashes frequently.,Negative,-0.653609,0.783525
Netflix,,,,
Google Maps,Useful but has minor issues.,Neutral,0,0.371218
YouTube,Useful but has minor issues.,Neutral,0,0.540424
WhatsApp,Very helpful and easy to use.,Positive,0.910382,0.288773
Flipkart,Very helpful and easy to use.,Positive,0.340214,0.647032
Adobe Acrobat Reader,Average experience overall.,Neutral,0,0.590626
Canva,Useful but has minor issues.,Neutral,0,0.535566
WhatsApp,Average experience overall.,Neutral,0,0.260232
Swiggy,Works fine but can be better.,Neutral,0,0.12723
Flipkart,Love the interface and performance.,Positive,0.863648,0.576131
Netflix,Very helpful and easy to use.,Positive,0.561583,0.494517
Telegram,"It's okay, needs some improvements.",Neutral,0,0.194177
Swiggy,Works great especially for daily use.,Positive,0.430698,0.965302
Adobe Acrobat Reader,Works great especially for daily use.,Positive,0.597063,0.899995
Netflix,"Amazing experience, highly recommended.",Positive,0.97566,0.633148
Amazon Shopping,Excellent app with useful features.,Positive,0.433213,0.25036
Zomato,Useful but has minor issues.,Neutral,0,0.422336
Google Maps,Works fine but can be better.,Neutral,0,0.343074
Telegram,"Not bad, just decent.",Neutral,0,0.329004
Spotify,Average experience overall.,Neutral,0,0.494634
Canva,App crashes frequently.,Negative,-0.866495,0.499067
Amazon Shopping,Love the interface and performance.,Positive,0.428197,0.978565
Zomato,Very slow after the latest update.,Negative,-0.854871,0.381842
Flipkart,Very helpful and easy to use.,Positive,0.347597,0.64999
10 Best Foods for You,Very slow after the latest update.,Negative,-0.664377,0.677907
Amazon Shopping,Excellent app with useful features.,Positive,0.52365,0.599534
Amazon Shopping,Very slow after the latest update.,Negative,-0.996135,0.816946
Netflix,"Not bad, just decent.",Neutral,0,0.547989
YouTube,Works great especially for daily use.,Positive,0.839661,0.782835
Swiggy,"Not bad, just decent.",Neutral,0,0.550087
Amazon Shopping,Excellent app with useful features.,Positive,0.521304,0.872702
Instagram,Love the interface and performance.,Positive,0.71305,0.666745
Canva,Average experience overall.,Neutral,0,0.111274
Netflix,"It's okay, needs some improvements.",Neutral,0,0.58792
Google Maps,Love the interface and performance.,Positive,0.609245,0.244838
Telegram,"Amazing experience, highly recommended.",Positive,0.495704,0.498265
Duolingo,"Amazing experience, highly recommended.",Positive,0.899441,0.270079
WhatsApp,"Not bad, just decent.",Neutral,0,0.501843
Duolingo,"Not bad, just decent.",Neutral,0,0.464303
Google Maps,Excellent app with useful features.,Positive,0.314911,0.442585
Zomato,Love the interface and performance.,Positive,0.804891,0.270759
Google Maps,Works great especially for daily use.,Positive,0.644651,0.768198
YouTube,"Amazing experience, highly recommended.",Positive,0.431571,0.592468
Zomato,Works fine but can be better.,Neutral,0,0.34705
WhatsApp,Excellent app with useful features.,Positive,0.323219,0.440136
Telegram,Very helpful and easy to use.,Positive,0.533725,0.593509
WhatsApp,Very helpful and easy to use.,Positive,0.59444,0.9765
Spotify,Love the interface and performance.,Positive,0.548855,0.406329
Telegram,"It's okay, needs some improvements.",Neutral,0,0.286601
WhatsApp,Average experience overall.,Neutral,0,0.390827
Amazon Shopping,Very slow after the latest update.,Negative,-0.678353,0.337022
Flipkart,Too many ads.,Negative,-0.956157,0.504165
Telegram,Works great especially for daily use.,Positive,0.811752,0.67901
Amazon Shopping,Too many ads.,Negative,-0.755687,0.788577
Flipkart,Works great especially for daily use.,Positive,0.210318,0.614537
Flipkart,Works great especially for daily use.,Positive,0.281934,0.323644
Canva,Useful but has minor issues.,Neutral,0,0.406714
Zomato,Useful but has minor issues.,Neutral,0,0.451132
YouTube,Excellent app with useful features.,Positive,0.293253,0.304986
10 Best Foods for You,Very helpful and easy to use.,Positive,0.311211,0.55355
Spotify,Very slow after the latest update.,Negative,-0.361095,0.320132
Zomato,Works great especially for daily use.,Positive,0.750438,0.445943
Canva,Excellent app with useful features.,Positive,0.262188,0.819754
YouTube,Excellent app with useful features.,Positive,0.834444,0.610783
10 Best Foods for You,App crashes frequently.,Negative,-0.940377,0.76731
YouTube,Love the interface and performance.,Positive,0.364321,0.92094
Amazon Shopping,Works great especially for daily use.,Positive,0.876689,0.953476
Spotify,Love the interface and performance.,Positive,0.824642,0.690365
Netflix,Love the interface and performance.,Positive,0.810595,0.623071
WhatsApp,Love the interface and performance.,Positive,0.203463,0.780279
Swiggy,"Amazing experience, highly recommended.",Positive,0.49317,0.671504
Instagram,Very helpful and easy to use.,Positive,0.985041,0.539273
Netflix,Very helpful and easy to use.,Positive,0.298892,0.288253
Amazon Shopping,Very helpful and easy to use.,Positive,0.645706,0.232487
Flipkart,"Amazing experience, highly recommended.",Positive,0.680312,0.449606
Zomato,Very helpful and easy to use.,Positive,0.98797,0.542369
Zomato,"Not bad, just decent.",Neutral,0,0.569541
Flipkart,Poor user experience.,Negative,-0.395114,0.577459
Netflix,Works great especially for daily use.,Positive,0.515849,0.75603
Adobe Acrobat Reader,Very slow after the latest update.,Negative,-0.941761,0.982645
Flipkart,"Not bad, just decent.",Neutral,0,0.161381
Zomato,Love the interface and performance.,Positive,0.67492,0.805042
YouTube,"Amazing experience, highly recommended.",Positive,0.733342,0.960111
Instagram,"Amazing experience, highly recommended.",Positive,0.286429,0.400552
Instagram,App crashes frequently.,Negative,-0.910357,0.336997
Adobe Acrobat Reader,Works great especially for daily use.,Positive,0.506106,0.743363
Amazon Shopping,"It's okay, needs some improvements.",Neutral,0,0.43054
Netflix,Average experience overall.,Neutral,0,0.246781
Instagram,Very helpful and easy to use.,Positive,0.847585,0.632423
10 Best Foods for You,"Amazing experience, highly recommended.",Positive,0.904101,0.295307
Instagram,"Amazing experience, highly recommended.",Positive,0.228785,0.341495
Telegram,Works great especially for daily use.,Positive,0.593184,0.307591
WhatsApp,Useful but has minor issues.,Neutral,0,0.437512
Telegram,"Amazing experience, highly recommended.",Positive,0.580729,0.883481
Netflix,Love the interface and performance.,Positive,0.976697,0.693552
Flipkart,Excellent app with useful features.,Positive,0.222518,0.236095
Zomato,Useful but has minor issues.,Neutral,0,0.11345
Swiggy,"Amazing experience, highly recommended.",Positive,0.476114,0.485893
Flipkart,Works great especially for daily use.,Positive,0.718466,0.674025
Swiggy,App crashes frequently.,Negative,-0.696165,0.313798
Flipkart,,,,
Telegram,"Amazing experience, highly recommended.",Positive,0.413295,0.756767
Spotify,,,,
Flipkart,Love the interface and performance.,Positive,0.278181,0.590687
WhatsApp,Love the interface and performance.,Positive,0.849166,0.73391
Amazon Shopping,"Amazing experience, highly recommended.",Positive,0.361407,0.708355
YouTube,Very slow after the latest update.,Negative,-0.74138,0.333272
Spotify,Excellent app with useful features.,Positive,0.774165,0.662555
Spotify,Love the interface and performance.,Positive,0.580215,0.367791
YouTube,Useful but has minor issues.,Neutral,0,0.502063
Google Maps,"Amazing experience, highly recommended.",Positive,0.521841,0.699971
Instagram,Excellent app with useful features.,Positive,0.702275,0.612979
Amazon Shopping,"Amazing experience, highly recommended.",Positive,0.414349,0.710341
YouTube,"Not bad, just decent.",Neutral,0,0.567318
WhatsApp,Very helpful and easy to use.,Positive,0.569989,0.392299
WhatsApp,"Amazing experience, highly recommended.",Positive,0.528208,0.888149
Swiggy,"Amazing experience, highly recommended.",Positive,0.413548,0.429636
Amazon Shopping,"Not bad, just decent.",Neutral,0,0.219242
Amazon Shopping,Very helpful and easy to use.,Positive,0.571328,0.64786
Google Maps,Very slow after the latest update.,Negative,-0.856577,0.395501
Duolingo,Love the interface and performance.,Positive,0.340788,0.882017
WhatsApp,Excellent app with useful features.,Positive,0.451124,0.438383
Adobe Acrobat Reader,Very helpful and easy to use.,Positive,0.737338,0.908575
Google Maps,Average experience overall.,Neutral,0,0.218021
Spotify,Not satisfied with the performance.,Negative,-0.402205,0.706294
YouTube,Excellent app with useful features.,Positive,0.390461,0.297821
YouTube,"Not bad, just decent.",Neutral,0,0.502921
WhatsApp,Works great especially for daily use.,Positive,0.285451,0.371287
Duolingo,Love the interface and performance.,Positive,0.24474,0.626776
WhatsApp,"Amazing experience, highly recommended.",Positive,0.579883,0.397077
Duolingo,Too many ads.,Negative,-0.5723,0.557418
Duolingo,,,,
Swiggy,"It's okay, needs some improvements.",Neutral,0,0.445341
YouTube,"Amazing experience, highly recommended.",Positive,0.447415,0.966787
Flipkart,Useful but has minor issues.,Neutral,0,0.533476
Zomato,"Amazing experience, highly recommended.",Positive,0.942006,0.934341
Duolingo,Average experience overall.,Neutral,0,0.248711
Zomato,Too many ads.,Negative,-0.208479,0.836719
Google Maps,Excellent app with useful features.,Positive,0.858558,0.952396
Instagram,Too many ads.,Negative,-0.354353,0.913733
Zomato,Very helpful and easy to use.,Positive,0.605068,0.481485
Spotify,Very helpful and easy to use.,Positive,0.562609,0.221881
10 Best Foods for You,"Amazing experience, highly recommended.",Positive,0.832815,0.308874
Google Maps,Love the interface and performance.,Positive,0.265786,0.326258
Netflix,Average experience overall.,Neutral,0,0.52348
Telegram,Poor user experience.,Negative,-0.569471,0.81462
Duolingo,Very helpful and easy to use.,Positive,0.839623,0.358931
Google Maps,"Amazing experience, highly recommended.",Positive,0.955806,0.907473
Canva,,,,
10 Best Foods for You,Average experience overall.,Neutral,0,0.553422
Instagram,Average experience overall.,Neutral,0,0.124891
Spotify,Excellent app with useful features.,Positive,0.966426,0.336098
Spotify,"Not bad, just decent.",Neutral,0,0.48668
Swiggy,"It's okay, needs some improvements.",Neutral,0,0.212242
Canva,Too many ads.,Negative,-0.740834,0.645918
Amazon Shopping,Works great especially for daily use.,Positive,0.996166,0.426374
Telegram,Works great especially for daily use.,Positive,0.223018,0.980903
Canva,Too many ads.,Negative,-0.475387,0.753065
Adobe Acrobat Reader,,,,
Amazon Shopping,Poor user experience.,Negative,-0.381833,0.799335
WhatsApp,Excellent app with useful features.,Positive,0.276224,0.247002
Flipkart,Very helpful and easy to use.,Positive,0.997392,0.951458
YouTube,"It's okay, needs some improvements.",Neutral,0,0.10268
Netflix,"Amazing experience, highly recommended.",Positive,0.73701,0.305791
Swiggy,Very helpful and easy to use.,Positive,0.335893,0.594272
Flipkart,Very helpful and easy to use.,Positive,0.768204,0.546344
Duolingo,Works great especially for daily use.,Positive,0.599368,0.978697
Duolingo,Too many ads.,Negative,-0.187487,0.484251
Zomato,Very helpful and easy to use.,Positive,0.54862,0.331987
WhatsApp,Average experience overall.,Neutral,0,0.377837
Swiggy,"It's okay, needs some improvements.",Neutral,0,0.19446
10 Best Foods for You,Very helpful and easy to use.,Positive,0.330844,0.573706
Adobe Acrobat Reader,App crashes frequently.,Negative,-0.602632,0.992173
Netflix,Works great especially for daily use.,Positive,0.298923,0.274862
Zomato,Useful but has minor issues.,Neutral,0,0.511286
Spotify,Love the interface and performance.,Positive,0.998404,0.203301
YouTube,Excellent app with useful features.,Positive,0.396926,0.598489
Adobe Acrobat Reader,Excellent app with useful features.,Positive,0.515336,0.672271
Adobe Acrobat Reader,Excellent app with useful features.,Positive,0.568187,0.766165
Instagram,Not satisfied with the performance.,Negative,-0.407794,0.530599
10 Best Foods for You,Too many ads.,Negative,-0.147323,0.999875
Swiggy,Works great especially for daily use.,Positive,0.890623,0.841246
Duolingo,Excellent app with useful features.,Positive,0.637725,0.681833
Adobe Acrobat Reader,"Amazing experience, highly recommended.",Positive,0.271351,0.881877
Amazon Shopping,Works great especially for daily use.,Positive,0.296482,0.592676
Google Maps,Not satisfied with the performance.,Negative,-0.881842,0.765864
Zomato,"Amazing experience, highly recommended.",Positive,0.90833,0.581152
Spotify,"Amazing experience, highly recommended.",Positive,0.848795,0.691094
Google Maps,Love the interface and performance.,Positive,0.473396,0.57082
Canva,"Not bad, just decent.",Neutral,0,0.363639
Telegram,"Amazing experience, highly recommended.",Positive,0.263347,0.841236
Duolingo,Very helpful and easy to use.,Positive,0.87323,0.618474
Duolingo,Excellent app with useful features.,Positive,0.610732,0.608521
Google Maps,Useful but has minor issues.,Neutral,0,0.506412
Flipkart,Love the interface and performance.,Positive,0.213015,0.792413
Instagram,"Amazing experience, highly recommended.",Positive,0.236207,0.533001
WhatsApp,"Amazing experience, highly recommended.",Positive,0.805883,0.559958
YouTube,Very slow after the latest update.,Negative,-0.810038,0.354754
Spotify,"Not bad, just decent.",Neutral,0,0.367188
10 Best Foods for You,"Amazing experience, highly recommended.",Positive,0.56813,0.524073
Telegram,"Not bad, just decent.",Neutral,0,0.2514
Zomato,"Amazing experience, highly recommended.",Positive,0.843713,0.270108
Amazon Shopping,,,,
Adobe Acrobat Reader,Average experience overall.,Neutral,0,0.529506
Canva,Works great especially for daily use.,Positive,0.548631,0.700847
YouTube,"Amazing experience, highly recommended.",Positive,0.318533,0.537503
Adobe Acrobat Reader,"Amazing experience, highly recommended.",Positive,0.971093,0.577191
Zomato,Very helpful and easy to use.,Positive,0.655544,0.867071
10 Best Foods for You,"Amazing experience, highly recommended.",Positive,0.98359,0.878893
WhatsApp,Works fine but can be better.,Neutral,0,0.118509
Google Maps,Love the interface and performance.,Positive,0.948225,0.924059
Zomato,Useful but has minor issues.,Neutral,0,0.10951
Spotify,"Amazing experience, highly recommended.",Positive,0.911312,0.293553
Spotify,"Amazing experience, highly recommended.",Positive,0.216646,0.430409
Canva,Love the interface and performance.,Positive,0.375762,0.927256
Flipkart,Poor user experience.,Negative,-0.881957,0.505376
WhatsApp,Very helpful and easy to use.,Positive,0.836778,0.839804
Zomato,Excellent app with useful features.,Positive,0.733645,0.303277
Canva,"Amazing experience, highly recommended.",Positive,0.954444,0.59498
Canva,Excellent app with useful features.,Positive,0.487029,0.408646
Telegram,Useful but has minor issues.,Neutral,0,0.115985
Adobe Acrobat Reader,Works great especially for daily use.,Positive,0.29655,0.379277
Duolingo,"It's okay, needs some improvements.",Neutral,0,0.485047
Netflix,Love the interface and performance.,Positive,0.683432,0.283314
10 Best Foods for You,"Amazing experience, highly recommended.",Positive,0.970118,0.804611
Adobe Acrobat Reader,"It's okay, needs some improvements.",Neutral,0,0.511805
10 Best Foods for You,Excellent app with useful features.,Positive,0.896696,0.928789
Amazon Shopping,Useful but has minor issues.,Neutral,0,0.349196
Zomato,Works fine but can be better.,Neutral,0,0.50958
Adobe Acrobat Reader,"Amazing experience, highly recommended.",Positive,0.815375,0.20527
Zomato,Love the interface and performance.,Positive,0.337009,0.412813
WhatsApp,Works great especially for daily use.,Positive,0.321289,0.802806
Google Maps,"Amazing experience, highly recommended.",Positive,0.530728,0.527447
Instagram,Very helpful and easy to use.,Positive,0.954992,0.554063
YouTube,,,,
YouTube,Very helpful and easy to use.,Positive,0.451844,0.985556
Amazon Shopping,Excellent app with useful features.,Positive,0.728141,0.713173
Swiggy,Not satisfied with the performance.,Negative,-0.124605,0.593514
Swiggy,Very helpful and easy to use.,Positive,0.777241,0.450956
Flipkart,,,,
Duolingo,Average experience overall.,Neutral,0,0.450148
Instagram,Not satisfied with the performance.,Negative,-0.290493,0.756426
WhatsApp,"Not bad, just decent.",Neutral,0,0.4877
Swiggy,Very helpful and easy to use.,Positive,0.511995,0.775104
Swiggy,Too many ads.,Negative,-0.807639,0.65817
Duolingo,Average experience overall.,Neutral,0,0.111711
Swiggy,Works great especially for daily use.,Positive,0.865783,0.443154
Google Maps,Excellent app with useful features.,Positive,0.873267,0.407805
Netflix,Excellent app with useful features.,Positive,0.55899,0.657948
10 Best Foods for You,Not satisfied with the performance.,Negative,-0.490962,0.926037
Telegram,Average experience overall.,Neutral,0,0.275169
Duolingo,Useful but has minor issues.,Neutral,0,0.436217
WhatsApp,"It's okay, needs some improvements.",Neutral,0,0.263923
Spotify,"Not bad, just decent.",Neutral,0,0.148994
WhatsApp,Excellent app with useful features.,Positive,0.249755,0.910807
Instagram,Love the interface and performance.,Positive,0.522203,0.647175
YouTube,"Amazing experience, highly recommended.",Positive,0.709169,0.997209
WhatsApp,"Amazing experience, highly recommended.",Positive,0.859049,0.315477
Amazon Shopping,Love the interface and performance.,Positive,0.890617,0.294447
Canva,Works great especially for daily use.,Positive,0.955256,0.495466
Adobe Acrobat Reader,Excellent app with useful features.,Positive,0.495669,0.431672
Netflix,Very helpful and easy to use.,Positive,0.442608,0.58874
YouTube,"Not bad, just decent.",Neutral,0,0.124326
Swiggy,Works great especially for daily use.,Positive,0.8553,0.591035
Adobe Acrobat Reader,Excellent app with useful features.,Positive,0.53406,0.658447
Spotify,"Amazing experience, highly recommended.",Positive,0.580182,0.776027
Spotify,"Amazing experience, highly recommended.",Positive,0.809343,0.733777
Amazon Shopping,Love the interface and performance.,Positive,0.731602,0.527703
Canva,Excellent app with useful features.,Positive,0.966464,0.912035
WhatsApp,Works great especially for daily use.,Positive,0.765767,0.657596
YouTube,Excellent app with useful features.,Positive,0.715131,0.268122
Spotify,Useful but has minor issues.,Neutral,0,0.360877
YouTube,App crashes frequently.,Negative,-0.407571,0.672302
10 Best Foods for You,Love the interface and performance.,Positive,0.555384,0.845537
Spotify,"Amazing experience, highly recommended.",Positive,0.889579,0.218611
Google Maps,Love the interface and performance.,Positive,0.453906,0.405742
Adobe Acrobat Reader,Very helpful and easy to use.,Positive,0.315227,0.404444
Adobe Acrobat Reader,Very slow after the latest update.,Negative,-0.946978,0.972786
Amazon Shopping,,,,
10 Best Foods for You,Works great especially for daily use.,Positive,0.530258,0.459374
Google Maps,App crashes frequently.,Negative,-0.817696,0.826494
Spotify,Love the interface and performance.,Positive,0.508039,0.292065
10 Best Foods for You,Excellent app with useful features.,Positive,0.587337,0.525995
Canva,Love the interface and performance.,Positive,0.97078,0.740078
Canva,Average experience overall.,Neutral,0,0.252306
Google Maps,Useful but has minor issues.,Neutral,0,0.201728
Amazon Shopping,Very slow after the latest update.,Negative,-0.516218,0.596627
Swiggy,"Amazing experience, highly recommended.",Positive,0.968892,0.696584
Telegram,"Amazing experience, highly recommended.",Positive,0.418642,0.400711
Telegram,Works great especially for daily use.,Positive,0.668127,0.608263
10 Best Foods for You,Excellent app with useful features.,Positive,0.440511,0.516244
Adobe Acrobat Reader,Works fine but can be better.,Neutral,0,0.53914
Canva,Too many ads.,Negative,-0.204462,0.961786
Telegram,"Not bad, just decent.",Neutral,0,0.236507
Telegram,"Amazing experience, highly recommended.",Positive,0.967194,0.462766
Swiggy,"It's okay, needs some improvements.",Neutral,0,0.404393
10 Best Foods for You,"Not bad, just decent.",Neutral,0,0.377895
WhatsApp,Useful but has minor issues.,Neutral,0,0.140574
Swiggy,Excellent app with useful features.,Positive,0.914058,0.852845
Instagram,"Amazing experience, highly recommended.",Positive,0.861973,0.486373
Amazon Shopping,"It's okay, needs some improvements.",Neutral,0,0.162382
Flipkart,Works great especially for daily use.,Positive,0.794516,0.806737
Telegram,Excellent app with useful features.,Positive,0.853025,0.700189
YouTube,"Amazing experience, highly recommended.",Positive,0.973837,0.229437
Instagram,Average experience overall.,Neutral,0,0.103568
Zomato,Very helpful and easy to use.,Positive,0.655282,0.595209
Netflix,Useful but has minor issues.,Neutral,0,0.38257
Adobe Acrobat Reader,Average experience overall.,Neutral,0,0.229812
Spotify,Too many ads.,Negative,-0.827334,0.774585
WhatsApp,Useful but has minor issues.,Neutral,0,0.541551
10 Best Foods for You,"It's okay, needs some improvements.",Neutral,0,0.52693
Flipkart,Too many ads.,Negative,-0.890454,0.662807
Instagram,Average experience overall.,Neutral,0,0.123482
Swiggy,Excellent app with useful features.,Positive,0.513487,0.467765
Swiggy,Works great especially for daily use.,Positive,0.982476,0.539056
Adobe Acrobat Reader,Very helpful and easy to use.,Positive,0.448645,0.700796
Adobe Acrobat Reader,,,,
Google Maps,Very helpful and easy to use.,Positive,0.872406,0.397723
Instagram,Excellent app with useful features.,Positive,0.857307,0.61574
Canva,Useful but has minor issues.,Neutral,0,0.319265
Adobe Acrobat Reader,Excellent app with useful features.,Positive,0.97962,0.933372
Google Maps,"It's okay, needs some improvements.",Neutral,0,0.491323
10 Best Foods for You,Very helpful and easy to use.,Positive,0.688591,0.545471
Adobe Acrobat Reader,Very helpful and easy to use.,Positive,0.879943,0.521346
Spotify,Love the interface and performance.,Positive,0.82998,0.699207
Instagram,Useful but has minor issues.,Neutral,0,0.409615
Flipkart,"It's okay, needs some improvements.",Neutral,0,0.327038
Flipkart,Excellent app with useful features.,Positive,0.67614,0.254036
YouTube,Very slow after the latest update.,Negative,-0.426373,0.4794
Google Maps,Average experience overall.,Neutral,0,0.221576
YouTube,,,,
Amazon Shopping,Very helpful and easy to use.,Positive,0.448951,0.908178
YouTube,Love the interface and performance.,Positive,0.47432,0.495064
10 Best Foods for You,Average experience overall.,Neutral,0,0.128659
Netflix,Excellent app with useful features.,Positive,0.537649,0.356326
Canva,Excellent app with useful features.,Positive,0.473242,0.734288
WhatsApp,Very helpful and easy to use.,Positive,0.881607,0.652878
Flipkart,Works great especially for daily use.,Positive,0.283878,0.900884
Swiggy,,,,
Canva,Average experience overall.,Neutral,0,0.333268
Canva,Works fine but can be better.,Neutral,0,0.503636
Google Maps,Excellent app with useful features.,Positive,0.490254,0.258985
10 Best Foods for You,"Amazing experience, highly recommended.",Positive,0.355523,0.668549
YouTube,Very slow after the latest update.,Negative,-0.821958,0.421903
Swiggy,Love the interface and performance.,Positive,0.396771,0.35679
Amazon Shopping,App crashes frequently.,Negative,-0.251699,0.39607
Telegram,Works great especially for daily use.,Positive,0.444058,0.39212
YouTube,Love the interface and performance.,Positive,0.981681,0.998156
Swiggy,"It's okay, needs some improvements.",Neutral,0,0.172216
Swiggy,Love the interface and performance.,Positive,0.502556,0.499404
Spotify,"It's okay, needs some improvements.",Neutral,0,0.481541
Spotify,Works great especially for daily use.,Positive,0.462144,0.242607
YouTube,Love the interface and performance.,Positive,0.974707,0.908667
Canva,Useful but has minor issues.,Neutral,0,0.132437
Netflix,Not satisfied with the performance.,Negative,-0.663161,0.663225
Amazon Shopping,"Amazing experience, highly recommended.",Positive,0.77252,0.595834
Duolingo,Useful but has minor issues.,Neutral,0,0.424869
Canva,Works great especially for daily use.,Positive,0.51672,0.444799
Swiggy,Very helpful and easy to use.,Positive,0.403623,0.267807
YouTube,Very helpful and easy to use.,Positive,0.384142,0.232914
Netflix,"Amazing experience, highly recommended.",Positive,0.546005,0.49401
Instagram,Works great especially for daily use.,Positive,0.553351,0.4125
Adobe Acrobat Reader,Love the interface and performance.,Positive,0.610233,0.714924
YouTube,Excellent app with useful features.,Positive,0.257079,0.230625
Canva,Works fine but can be better.,Neutral,0,0.251358
Zomato,Average experience overall.,Neutral,0,0.452821
Amazon Shopping,Useful but has minor issues.,Neutral,0,0.556191
10 Best Foods for You,Very helpful and easy to use.,Positive,0.826503,0.523049
Google Maps,"It's okay, needs some improvements.",Neutral,0,0.336002
Netflix,Poor user experience.,Negative,-0.795179,0.806335
Canva,Love the interface and performance.,Positive,0.806097,0.778008
Instagram,Works great especially for daily use.,Positive,0.543034,0.953544
Google Maps,Love the interface and performance.,Positive,0.224083,0.31116
Zomato,App crashes frequently.,Negative,-0.55018,0.761194
Flipkart,"Amazing experience, highly recommended.",Positive,0.810273,0.752415
Duolingo,Excellent app with useful features.,Positive,0.937715,0.322953
Flipkart,Useful but has minor issues.,Neutral,0,0.386939
Google Maps,"Amazing experience, highly recommended.",Positive,0.250967,0.509147
Instagram,"Amazing experience, highly recommended.",Positive,0.711203,0.443716
Amazon Shopping,Excellent app with useful features.,Positive,0.86118,0.682691
10 Best Foods for You,"Amazing experience, highly recommended.",Positive,0.427054,0.386432
Telegram,Very helpful and easy to use.,Positive,0.614825,0.337461
Zomato,Excellent app with useful features.,Positive,0.30331,0.534731
WhatsApp,Very slow after the latest update.,Negative,-0.883061,0.443974
Google Maps,Average experience overall.,Neutral,0,0.401855
Duolingo,"Amazing experience, highly recommended.",Positive,0.420353,0.205955
Amazon Shopping,Useful but has minor issues.,Neutral,0,0.503783
Netflix,"Amazing experience, highly recommended.",Positive,0.568164,0.660906
WhatsApp,"Not bad, just decent.",Neutral,0,0.273391
Zomato,Love the interface and performance.,Positive,0.858744,0.879875
Google Maps,Poor user experience.,Negative,-0.587955,0.937583
Amazon Shopping,Excellent app with useful features.,Positive,0.391756,0.896432
Duolingo,Excellent app with useful features.,Positive,0.758435,0.777928
Canva,Love the interface and performance.,Positive,0.296984,0.494986
YouTube,Works fine but can be better.,Neutral,0,0.305048
Amazon Shopping,"Amazing experience, highly recommended.",Positive,0.221374,0.711093
Telegram,"Amazing experience, highly recommended.",Positive,0.884619,0.517339
10 Best Foods for You,Average experience overall.,Neutral,0,0.263555
WhatsApp,Excellent app with useful features.,Positive,0.638743,0.393835
Instagram,Average experience overall.,Neutral,0,0.185295
10 Best Foods for You,Excellent app with useful features.,Positive,0.627723,0.51268
Adobe Acrobat Reader,Very helpful and easy to use.,Positive,0.322797,0.48647
Canva,Not satisfied with the performance.,Negative,-0.80545,0.78772
Zomato,Excellent app with useful features.,Positive,0.512495,0.446659
10 Best Foods for You,"Amazing experience, highly recommended.",Positive,0.813691,0.943056
Flipkart,Excellent app with useful features.,Positive,0.537346,0.991432
Flipkart,"It's okay, needs some improvements.",Neutral,0,0.210284
Swiggy,Average experience overall.,Neutral,0,0.462006
10 Best Foods for You,Very helpful and easy to use.,Positive,0.458144,0.701429
Spotify,"Amazing experience, highly recommended.",Positive,0.296643,0.371024
Flipkart,Very helpful and easy to use.,Positive,0.209585,0.370214
Canva,Useful but has minor issues.,Neutral,0,0.28449
Adobe Acrobat Reader,Love the interface and performance.,Positive,0.599661,0.992379
WhatsApp,Not satisfied with the performance.,Negative,-0.845687,0.971324
Spotify,"Not bad, just decent.",Neutral,0,0.43895
YouTube,Very helpful and easy to use.,Positive,0.982417,0.733096
Adobe Acrobat Reader,Useful but has minor issues.,Neutral,0,0.324456
Netflix,Love the interface and performance.,Positive,0.763703,0.210633
10 Best Foods for You,Too many ads.,Negative,-0.787243,0.599949
Canva,Very helpful and easy to use.,Positive,0.598981,0.361609
Google Maps,Love the interface and performance.,Positive,0.990841,0.554981
Swiggy,Excellent app with useful features.,Positive,0.616698,0.982054
Telegram,Average experience overall.,Neutral,0,0.523467
Flipkart,Excellent app with useful features.,Positive,0.925306,0.732005
Canva,Average experience overall.,Neutral,0,0.404032
Google Maps,Excellent app with useful features.,Positive,0.251694,0.593314
Canva,Very slow after the latest update.,Negative,-0.886995,0.421573
Netflix,Very slow after the latest update.,Negative,-0.543318,0.598368
Instagram,Average experience overall.,Neutral,0,0.312008
Spotify,"Amazing experience, highly recommended.",Positive,0.974181,0.361121
Zomato,Very helpful and easy to use.,Positive,0.518596,0.334213
Instagram,"Not bad, just decent.",Neutral,0,0.480162
Zomato,"Amazing experience, highly recommended.",Positive,0.541918,0.266586
Swiggy,Works great especially for daily use.,Positive,0.642282,0.340559
Google Maps,"Amazing experience, highly recommended.",Positive,0.649714,0.584675
Flipkart,Works great especially for daily use.,Positive,0.932906,0.203344
Zomato,"Not bad, just decent.",Neutral,0,0.302278
Google Maps,Too many ads.,Negative,-0.654366,0.515468
Spotify,App crashes frequently.,Negative,-0.653657,0.695926
Canva,Too many ads.,Negative,-0.541352,0.642035
WhatsApp,"Amazing experience, highly recommended.",Positive,0.941215,0.788531
Canva,Too many ads.,Negative,-0.432143,0.773498
WhatsApp,Love the interface and performance.,Positive,0.564377,0.744853
Duolingo,Works great especially for daily use.,Positive,0.20987,0.816778
Telegram,Love the interface and performance.,Positive,0.979316,0.264279
Swiggy,"Amazing experience, highly recommended.",Positive,0.402297,0.441776
Netflix,Very helpful and easy to use.,Positive,0.787147,0.80197
Swiggy,Love the interface and performance.,Positive,0.821353,0.475514
Amazon Shopping,"Amazing experience, highly recommended.",Positive,0.759207,0.205136
Amazon Shopping,Excellent app with useful features.,Positive,0.818995,0.534272
Google Maps,Average experience overall.,Neutral,0,0.188201
Amazon Shopping,Works great especially for daily use.,Positive,0.602091,0.288191
Spotify,Excellent app with useful features.,Positive,0.799933,0.847343
Canva,Poor user experience.,Negative,-0.603343,0.93908
Adobe Acrobat Reader,Very helpful and easy to use.,Positive,0.268566,0.299745
Adobe Acrobat Reader,"Amazing experience, highly recommended.",Positive,0.588155,0.808427
10 Best Foods for You,"It's okay, needs some improvements.",Neutral,0,0.432661
YouTube,Love the interface and performance.,Positive,0.833429,0.500533
Netflix,"Not bad, just decent.",Neutral,0,0.336616
Flipkart,Very helpful and easy to use.,Positive,0.999556,0.853478
Flipkart,Excellent app with useful features.,Positive,0.980244,0.898462
YouTube,"Amazing experience, highly recommended.",Positive,0.780176,0.910376
Amazon Shopping,,,,
Adobe Acrobat Reader,Works great especially for daily use.,Positive,0.494744,0.694681
Telegram,Works great especially for daily use.,Positive,0.202503,0.710459
Zomato,"It's okay, needs some improvements.",Neutral,0,0.584799
WhatsApp,Love the interface and performance.,Positive,0.587629,0.791364
YouTube,"Amazing experience, highly recommended.",Positive,0.989497,0.88568
Swiggy,Love the interface and performance.,Positive,0.356062,0.314529
Netflix,Useful but has minor issues.,Neutral,0,0.115873
Instagram,Love the interface and performance.,Positive,0.989776,0.573442
Swiggy,Love the interface and performance.,Positive,0.392721,0.369313
YouTube,"It's okay, needs some improvements.",Neutral,0,0.317447
WhatsApp,,,,
Swiggy,Too many ads.,Negative,-0.801662,0.48034
Instagram,Average experience overall.,Neutral,0,0.561368
Telegram,Very helpful and easy to use.,Positive,0.897552,0.945424
YouTube,Very helpful and easy to use.,Positive,0.501608,0.773954
WhatsApp,Useful but has minor issues.,Neutral,0,0.583124
Google Maps,Excellent app with useful features.,Positive,0.432781,0.289106
Flipkart,App crashes frequently.,Negative,-0.484445,0.389192
Flipkart,Excellent app with useful features.,Positive,0.448639,0.672048
Canva,Too many ads.,Negative,-0.305847,0.858263
Swiggy,Love the interface and performance.,Positive,0.672621,0.285269
10 Best Foods for You,Works great especially for daily use.,Positive,0.852918,0.437459
Canva,Love the interface and performance.,Positive,0.426714,0.797648
Zomato,Useful but has minor issues.,Neutral,0,0.26007
Netflix,Love the interface and performance.,Positive,0.582626,0.86295
Instagram,App crashes frequently.,Negative,-0.116971,0.533201
Zomato,Average experience overall.,Neutral,0,0.450204
10 Best Foods for You,"Not bad, just decent.",Neutral,0,0.463698
Duolingo,Average experience overall.,Neutral,0,0.595532
Netflix,"Amazing experience, highly recommended.",Positive,0.992251,0.806171
Google Maps,Works fine but can be better.,Neutral,0,0.448188
Canva,Excellent app with useful features.,Positive,0.304721,0.801813
Spotify,Very helpful and easy to use.,Positive,0.566026,0.330956
Amazon Shopping,Works great especially for daily use.,Positive,0.367813,0.843487
Canva,Love the interface and performance.,Positive,0.281558,0.828399
Zomato,Poor user experience.,Negative,-0.388499,0.417756
10 Best Foods for You,Very slow after the latest update.,Negative,-0.149443,0.382143
Netflix,Works great especially for daily use.,Positive,0.701578,0.523195
10 Best Foods for You,Very helpful and easy to use.,Positive,0.750387,0.963644
Telegram,"It's okay, needs some improvements.",Neutral,0,0.488865
Zomato,"Amazing experience, highly recommended.",Positive,0.493858,0.296
Adobe Acrobat Reader,Useful but has minor issues.,Neutral,0,0.212468
Spotify,Very helpful and easy to use.,Positive,0.754981,0.275643
Spotify,"Amazing experience, highly recommended.",Positive,0.438691,0.300189
Flipkart,Not satisfied with the performance.,Negative,-0.833599,0.869008
10 Best Foods for You,Useful but has minor issues.,Neutral,0,0.344282
Netflix,Excellent app with useful features.,Positive,0.802807,0.365971
Telegram,Love the interface and performance.,Positive,0.756173,0.204259
Instagram,Works great especially for daily use.,Positive,0.660065,0.722112
Adobe Acrobat Reader,App crashes frequently.,Negative,-0.923851,0.387302
Duolingo,"Amazing experience, highly recommended.",Positive,0.981682,0.726527
Canva,Not satisfied with the performance.,Negative,-0.185842,0.505378
Netflix,Very helpful and easy to use.,Positive,0.618133,0.988816
Flipkart,Excellent app with useful features.,Positive,0.730094,0.235788
10 Best Foods for You,Works great especially for daily use.,Positive,0.965938,0.681716
Canva,Love the interface and performance.,Positive,0.537612,0.639879
Duolingo,Poor user experience.,Negative,-0.589539,0.961318
Telegram,Useful but has minor issues.,Neutral,0,0.201881
Telegram,Very slow after the latest update.,Negative,-0.357,0.69455
Telegram,"Not bad, just decent.",Neutral,0,0.510784
Flipkart,Excellent app with useful features.,Positive,0.971214,0.397998
Duolingo,Love the interface and performance.,Positive,0.525425,0.463486
Adobe Acrobat Reader,Very helpful and easy to use.,Positive,0.317064,0.838478
Duolingo,,,,
Google Maps,Excellent app with useful features.,Positive,0.826187,0.298803
Netflix,"Amazing experience, highly recommended.",Positive,0.276432,0.47912
Spotify,Love the interface and performance.,Positive,0.279253,0.238371
Flipkart,Very helpful and easy to use.,Positive,0.844868,0.74225
YouTube,"Amazing experience, highly recommended.",Positive,0.581489,0.302058
10 Best Foods for You,Average experience overall.,Neutral,0,0.171335
Spotify,Very helpful and easy to use.,Positive,0.766002,0.399289
Spotify,"Amazing experience, highly recommended.",Positive,0.988997,0.838775
Netflix,Not satisfied with the performance.,Negative,-0.152491,0.916971
Zomato,"It's okay, needs some improvements.",Neutral,0,0.573727
Google Maps,"It's okay, needs some improvements.",Neutral,0,0.138347
Canva,Excellent app with useful features.,Positive,0.267668,0.428681
Swiggy,Poor user experience.,Negative,-0.39067,0.952709
Amazon Shopping,Love the interface and performance.,Positive,0.758306,0.524377
Spotify,"It's okay, needs some improvements.",Neutral,0,0.45708
WhatsApp,Love the interface and performance.,Positive,0.747262,0.233885
Instagram,Useful but has minor issues.,Neutral,0,0.551899
Amazon Shopping,Useful but has minor issues.,Neutral,0,0.276646
10 Best Foods for You,Very helpful and easy to use.,Positive,0.975783,0.470367
Telegram,Excellent app with useful features.,Positive,0.432052,0.5865
Duolingo,Useful but has minor issues.,Neutral,0,0.296811
Swiggy,Not satisfied with the performance.,Negative,-0.256845,0.3248
Instagram,"It's okay, needs some improvements.",Neutral,0,0.277872
Spotify,Excellent app with useful features.,Positive,0.204124,0.912157
Amazon Shopping,"Amazing experience, highly recommended.",Positive,0.593637,0.267795
Netflix,"Amazing experience, highly recommended.",Positive,0.205528,0.815558
Duolingo,Very helpful and easy to use.,Positive,0.491597,0.913755
Netflix,"Amazing experience, highly recommended.",Positive,0.725024,0.551485
Amazon Shopping,Very helpful and easy to use.,Positive,0.906861,0.767376
Adobe Acrobat Reader,"Amazing experience, highly recommended.",Positive,0.536845,0.464971
10 Best Foods for You,"Amazing experience, highly recommended.",Positive,0.967759,0.986343
Adobe Acrobat Reader,Works great especially for daily use.,Positive,0.45991,0.811514
Swiggy,"Not bad, just decent.",Neutral,0,0.165709
Adobe Acrobat Reader,Very helpful and easy to use.,Positive,0.600001,0.813908
Canva,"Not bad, just decent.",Neutral,0,0.588219
WhatsApp,,,,
Instagram,"Amazing experience, highly recommended.",Positive,0.398198,0.321997
Netflix,Excellent app with useful features.,Positive,0.891333,0.995406
Canva,"Amazing experience, highly recommended.",Positive,0.765169,0.847962
WhatsApp,Average experience overall.,Neutral,0,0.596276
Spotify,Excellent app with useful features.,Positive,0.305837,0.230693
Canva,Love the interface and performance.,Positive,0.359715,0.89148
Google Maps,Works great especially for daily use.,Positive,0.37742,0.540861
10 Best Foods for You,Works fine but can be better.,Neutral,0,0.155027
Flipkart,"Amazing experience, highly recommended.",Positive,0.397575,0.916085
Amazon Shopping,,,,
10 Best Foods for You,Very helpful and easy to use.,Positive,0.577647,0.926786
Adobe Acrobat Reader,"Amazing experience, highly recommended.",Positive,0.490865,0.443485
Adobe Acrobat Reader,Average experience overall.,Neutral,0,0.265606
WhatsApp,Useful but has minor issues.,Neutral,0,0.364431
Flipkart,Love the interface and performance.,Positive,0.507239,0.909755
Amazon Shopping,"It's okay, needs some improvements.",Neutral,0,0.393281
Swiggy,Average experience overall.,Neutral,0,0.45233
Swiggy,Not satisfied with the performance.,Negative,-0.691392,0.807745
YouTube,"It's okay, needs some improvements.",Neutral,0,0.163916
Google Maps,Love the interface and performance.,Positive,0.980101,0.91593
Instagram,"Amazing experience, highly recommended.",Positive,0.254167,0.535203
Swiggy,Average experience overall.,Neutral,0,0.399577
WhatsApp,Love the interface and performance.,Positive,0.248635,0.977979
Canva,Love the interface and performance.,Positive,0.896205,0.977231
Amazon Shopping,Love the interface and performance.,Positive,0.823498,0.520679
Duolingo,Love the interface and performance.,Positive,0.374246,0.757377
Swiggy,Love the interface and performance.,Positive,0.766203,0.620059
Duolingo,Very helpful and easy to use.,Positive,0.641721,0.336887
10 Best Foods for You,Works great especially for daily use.,Positive,0.953637,0.422205
Amazon Shopping,Average experience overall.,Neutral,0,0.594768
Canva,Very helpful and easy to use.,Positive,0.706146,0.977775
Flipkart,Useful but has minor issues.,Neutral,0,0.232019
Amazon Shopping,Works fine but can be better.,Neutral,0,0.592631
Telegram,Average experience overall.,Neutral,0,0.465238
Duolingo,Not satisfied with the performance.,Negative,-0.408414,0.907587
YouTube,"Not bad, just decent.",Neutral,0,0.572828
Duolingo,Useful but has minor issues.,Neutral,0,0.20308
Instagram,Love the interface and performance.,Positive,0.703841,0.886577
Google Maps,"Amazing experience, highly recommended.",Positive,0.494912,0.921735
Adobe Acrobat Reader,Works great especially for daily use.,Positive,0.351088,0.592415
WhatsApp,Very helpful and easy to use.,Positive,0.330335,0.342187
Google Maps,Works great especially for daily use.,Positive,0.257639,0.396203
Swiggy,Love the interface and performance.,Positive,0.309833,0.800355
10 Best Foods for You,Excellent app with useful features.,Positive,0.288028,0.210842
Zomato,Works great especially for daily use.,Positive,0.816094,0.414125
Telegram,"It's okay, needs some improvements.",Neutral,0,0.578809
Adobe Acrobat Reader,"It's okay, needs some improvements.",Neutral,0,0.201161
Instagram,Very slow after the latest update.,Negative,-0.723354,0.635236
Canva,Useful but has minor issues.,Neutral,0,0.161538
Zomato,,,,
Netflix,"Amazing experience, highly recommended.",Positive,0.313468,0.929734
10 Best Foods for You,Very helpful and easy to use.,Positive,0.724292,0.380708
Swiggy,"It's okay, needs some improvements.",Neutral,0,0.34591
Adobe Acrobat Reader,Too many ads.,Negative,-0.678423,0.730988
Adobe Acrobat Reader,App crashes frequently.,Negative,-0.193972,0.723154
Amazon Shopping,Works great especially for daily use.,Positive,0.743547,0.320176
Telegram,Works fine but can be better.,Neutral,0,0.274193
Adobe Acrobat Reader,Very helpful and easy to use.,Positive,0.946305,0.848576
WhatsApp,Average experience overall.,Neutral,0,0.488892
Amazon Shopping,"Amazing experience, highly recommended.",Positive,0.85172,0.290531
Google Maps,Excellent app with useful features.,Positive,0.458443,0.302029
YouTube,"Amazing experience, highly recommended.",Positive,0.585031,0.978279
Spotify,Works great especially for daily use.,Positive,0.506548,0.639471
Netflix,Works great especially for daily use.,Positive,0.507702,0.664771
Google Maps,Average experience overall.,Neutral,0,0.451547
Canva,Excellent app with useful features.,Positive,0.489919,0.579141
Amazon Shopping,Very helpful and easy to use.,Positive,0.488687,0.879463
YouTube,Works great especially for daily use.,Positive,0.868202,0.6412
Swiggy,Works great especially for daily use.,Positive,0.244693,0.310241
WhatsApp,Excellent app with useful features.,Positive,0.756898,0.539767
10 Best Foods for You,"It's okay, needs some improvements.",Neutral,0,0.338413
Spotify,Very helpful and easy to use.,Positive,0.313022,0.396037
10 Best Foods for You,Average experience overall.,Neutral,0,0.482709
Instagram,Works fine but can be better.,Neutral,0,0.335092
WhatsApp,"It's okay, needs some improvements.",Neutral,0,0.243385
Amazon Shopping,Useful but has minor issues.,Neutral,0,0.475566
Netflix,"Amazing experience, highly recommended.",Positive,0.743923,0.900781
Netflix,Love the interface and performance.,Positive,0.601498,0.767482
Google Maps,Excellent app with useful features.,Positive,0.617201,0.982341
Amazon Shopping,Excellent app with useful features.,Positive,0.375125,0.346955
WhatsApp,"It's okay, needs some improvements.",Neutral,0,0.508279
Instagram,"Not bad, just decent.",Neutral,0,0.513627
Amazon Shopping,"Amazing experience, highly recommended.",Positive,0.355784,0.286721
Adobe Acrobat Reader,Works fine but can be better.,Neutral,0,0.114024
Duolingo,Works great especially for daily use.,Positive,0.677689,0.805217
Duolingo,Excellent app with useful features.,Positive,0.392268,0.268031
Spotify,"Amazing experience, highly recommended.",Positive,0.236544,0.451664
Duolingo,,,,
Flipkart,Not satisfied with the performance.,Negative,-0.824605,0.82629
WhatsApp,Excellent app with useful features.,Positive,0.465055,0.917209
Netflix,Average experience overall.,Neutral,0,0.111843
YouTube,Excellent app with useful features.,Positive,0.432096,0.32123
Instagram,Average experience overall.,Neutral,0,0.542201
YouTube,Works great especially for daily use.,Positive,0.994733,0.601296
WhatsApp,Very helpful and easy to use.,Positive,0.557984,0.304958
Duolingo,Poor user experience.,Negative,-0.963988,0.798934
Telegram,Love the interface and performance.,Positive,0.685502,0.966413
Spotify,Excellent app with useful features.,Positive,0.314098,0.896366
Netflix,"It's okay, needs some improvements.",Neutral,0,0.349456
Instagram,Very slow after the latest update.,Negative,-0.938654,0.703558
Flipkart,"Amazing experience, highly recommended.",Positive,0.406355,0.578609
Duolingo,Works great especially for daily use.,Positive,0.951864,0.977345
Instagram,,,,
Zomato,Love the interface and performance.,Positive,0.933712,0.303187
Flipkart,Works fine but can be better.,Neutral,0,0.286842
Telegram,Excellent app with useful features.,Positive,0.696491,0.715093
WhatsApp,Useful but has minor issues.,Neutral,0,0.103971
Zomato,Love the interface and performance.,Positive,0.519424,0.258383
Google Maps,Works fine but can be better.,Neutral,0,0.332939
Telegram,"It's okay, needs some improvements.",Neutral,0,0.142911
WhatsApp,Poor user experience.,Negative,-0.308605,0.43963
Flipkart,Love the interface and performance.,Positive,0.589036,0.761833
Instagram,Love the interface and performance.,Positive,0.324593,0.575974
Telegram,Love the interface and performance.,Positive,0.819364,0.24992
YouTube,"Amazing experience, highly recommended.",Positive,0.370737,0.369194
10 Best Foods for You,Works fine but can be better.,Neutral,0,0.226036
Amazon Shopping,"Amazing experience, highly recommended.",Positive,0.265367,0.899021
Instagram,Very helpful and easy to use.,Positive,0.347263,0.242994
Swiggy,Very helpful and easy to use.,Positive,0.331627,0.479421
Google Maps,Works great especially for daily use.,Positive,0.972472,0.549427
Swiggy,Excellent app with useful features.,Positive,0.648727,0.915023
Canva,Useful but has minor issues.,Neutral,0,0.172309
Telegram,Too many ads.,Negative,-0.987232,0.927551
Swiggy,App crashes frequently.,Negative,-0.287185,0.771762
Duolingo,"Amazing experience, highly recommended.",Positive,0.954659,0.885814
Telegram,App crashes frequently.,Negative,-0.967163,0.821995
Canva,Works great especially for daily use.,Positive,0.680755,0.37291
Canva,Not satisfied with the performance.,Negative,-0.140406,0.559179
Flipkart,,,,
Swiggy,"It's okay, needs some improvements.",Neutral,0,0.449659
Telegram,Very helpful and easy to use.,Positive,0.481769,0.633974
Netflix,Works great especially for daily use.,Positive,0.567059,0.498497
Netflix,"Amazing experience, highly recommended.",Positive,0.428022,0.727684
Telegram,Love the interface and performance.,Positive,0.950321,0.924706
Adobe Acrobat Reader,"It's okay, needs some improvements.",Neutral,0,0.144819
10 Best Foods for You,"Amazing experience, highly recommended.",Positive,0.799955,0.699061
Netflix,Love the interface and performance.,Positive,0.844697,0.734168
Zomato,"Amazing experience, highly recommended.",Positive,0.64127,0.291601
Zomato,"Amazing experience, highly recommended.",Positive,0.530348,0.856334
WhatsApp,Very helpful and easy to use.,Positive,0.825757,0.606049
Duolingo,"Amazing experience, highly recommended.",Positive,0.738641,0.203326
Swiggy,Works great especially for daily use.,Positive,0.832408,0.872616
Netflix,Very helpful and easy to use.,Positive,0.336329,0.65775
Google Maps,Very slow after the latest update.,Negative,-0.445359,0.575322
10 Best Foods for You,Works great especially for daily use.,Positive,0.951513,0.512329
WhatsApp,Not satisfied with the performance.,Negative,-0.857401,0.461679
WhatsApp,Love the interface and performance.,Positive,0.827425,0.874425
Telegram,Average experience overall.,Neutral,0,0.57435
Canva,Excellent app with useful features.,Positive,0.703115,0.674631
10 Best Foods for You,Excellent app with useful features.,Positive,0.657435,0.220232
WhatsApp,Very helpful and easy to use.,Positive,0.349244,0.722018
Canva,Works great especially for daily use.,Positive,0.78105,0.845678
Google Maps,Works fine but can be better.,Neutral,0,0.141482
Amazon Shopping,Useful but has minor issues.,Neutral,0,0.53347
Adobe Acrobat Reader,Excellent app with useful features.,Positive,0.313468,0.409596
Amazon Shopping,Very helpful and easy to use.,Positive,0.930175,0.366378
Adobe Acrobat Reader,Excellent app with useful features.,Positive,0.589214,0.700546
Canva,Very helpful and easy to use.,Positive,0.706841,0.560703
Amazon Shopping,Works great especially for daily use.,Positive,0.727733,0.704971
Zomato,,,,
Flipkart,Love the interface and performance.,Positive,0.679994,0.204012
Netflix,Very slow after the latest update.,Negative,-0.4545,0.675168
Netflix,Very helpful and easy to use.,Positive,0.291831,0.373566
Flipkart,Works great especially for daily use.,Positive,0.414072,0.58526
Adobe Acrobat Reader,Very helpful and easy to use.,Positive,0.573635,0.847209
Google Maps,Works great especially for daily use.,Positive,0.400075,0.358301
Zomato,"Amazing experience, highly recommended.",Positive,0.282316,0.834523
Spotify,"Not bad, just decent.",Neutral,0,0.316736
Instagram,Works fine but can be better.,Neutral,0,0.411455
Spotify,Very helpful and easy to use.,Positive,0.499168,0.706159
Adobe Acrobat Reader,Not satisfied with the performance.,Negative,-0.772243,0.586866
Spotify,Useful but has minor issues.,Neutral,0,0.276127
10 Best Foods for You,"Not bad, just decent.",Neutral,0,0.495448
Flipkart,Very helpful and easy to use.,Positive,0.497571,0.823612
Adobe Acrobat Reader,,,,
WhatsApp,,,,
Flipkart,Very helpful and easy to use.,Positive,0.918995,0.649312
Google Maps,Works great especially for daily use.,Positive,0.282336,0.422439
Spotify,"It's okay, needs some improvements.",Neutral,0,0.386974
Telegram,Works fine but can be better.,Neutral,0,0.506697
Canva,"Not bad, just decent.",Neutral,0,0.123396
Duolingo,Works great especially for daily use.,Positive,0.681145,0.672937
Canva,Love the interface and performance.,Positive,0.990364,0.929315
Duolingo,App crashes frequently.,Negative,-0.193753,0.942624
10 Best Foods for You,"Amazing experience, highly recommended.",Positive,0.276096,0.842011
WhatsApp,Very helpful and easy to use.,Positive,0.520275,0.64516
Flipkart,Very helpful and easy to use.,Positive,0.757166,0.563665
Zomato,Too many ads.,Negative,-0.156067,0.371921
Canva,,,,
10 Best Foods for You,Poor user experience.,Negative,-0.796293,0.361612
WhatsApp,Love the interface and performance.,Positive,0.991652,0.947288
Zomato,App crashes frequently.,Negative,-0.900277,0.963001
Adobe Acrobat Reader,"Not bad, just decent.",Neutral,0,0.234956
Amazon Shopping,Excellent app with useful features.,Positive,0.301031,0.889516
YouTube,Poor user experience.,Negative,-0.426787,0.767765
Netflix,"Amazing experience, highly recommended.",Positive,0.98108,0.457529
WhatsApp,Very helpful and easy to use.,Positive,0.769105,0.482408
Zomato,Average experience overall.,Neutral,0,0.447483
Adobe Acrobat Reader,Excellent app with useful features.,Positive,0.736399,0.57452
Google Maps,Works great especially for daily use.,Positive,0.851196,0.809282
Netflix,Works fine but can be better.,Neutral,0,0.454256
Telegram,Works great especially for daily use.,Positive,0.375028,0.490915
Instagram,"Amazing experience, highly recommended.",Positive,0.350363,0.422271
Amazon Shopping,Not satisfied with the performance.,Negative,-0.416455,0.403103
Swiggy,Excellent app with useful features.,Positive,0.915278,0.349624
10 Best Foods for You,Very helpful and easy to use.,Positive,0.412463,0.941542
Adobe Acrobat Reader,"Amazing experience, highly recommended.",Positive,0.601752,0.606341
10 Best Foods for You,Excellent app with useful features.,Positive,0.718897,0.785601
Google Maps,Works great especially for daily use.,Positive,0.675239,0.62365
Instagram,Excellent app with useful features.,Positive,0.717076,0.967177
Canva,Not satisfied with the performance.,Negative,-0.76044,0.346093
Adobe Acrobat Reader,Poor user experience.,Negative,-0.647283,0.370913
WhatsApp,"Not bad, just decent.",Neutral,0,0.202853
YouTube,Useful but has minor issues.,Neutral,0,0.243989
10 Best Foods for You,Love the interface and performance.,Positive,0.581407,0.444259
Swiggy,Excellent app with useful features.,Positive,0.333316,0.465724
Instagram,"Amazing experience, highly recommended.",Positive,0.542338,0.216661
Duolingo,Excellent app with useful features.,Positive,0.675204,0.975633
Spotify,,,,
Zomato,Excellent app with useful features.,Positive,0.653813,0.99233
Zomato,Works great especially for daily use.,Positive,0.820205,0.279994
YouTube,Very helpful and easy to use.,Positive,0.991834,0.405872
Instagram,Very helpful and easy to use.,Positive,0.440907,0.466991
Netflix,Not satisfied with the performance.,Negative,-0.564081,0.488956
Netflix,"Amazing experience, highly recommended.",Positive,0.885012,0.727494
Amazon Shopping,Love the interface and performance.,Positive,0.79281,0.978632
Flipkart,"Amazing experience, highly recommended.",Positive,0.710987,0.972362
Swiggy,"Amazing experience, highly recommended.",Positive,0.989865,0.900874
Amazon Shopping,Works fine but can be better.,Neutral,0,0.295513
Google Maps,Works great especially for daily use.,Positive,0.23288,0.616062
Flipkart,"Amazing experience, highly recommended.",Positive,0.65333,0.83402
Flipkart,Poor user experience.,Negative,-0.16549,0.402992
Telegram,Not satisfied with the performance.,Negative,-0.497673,0.413825
Instagram,"It's okay, needs some improvements.",Neutral,0,0.326929
Canva,Excellent app with useful features.,Positive,0.590693,0.204072
Flipkart,Very helpful and easy to use.,Positive,0.310175,0.902978
YouTube,Useful but has minor issues.,Neutral,0,0.177519
Adobe Acrobat Reader,Works great especially for daily use.,Positive,0.545641,0.934608
Duolingo,Very helpful and easy to use.,Positive,0.398983,0.7428
Google Maps,App crashes frequently.,Negative,-0.19627,0.944136
Spotify,Very helpful and easy to use.,Positive,0.843504,0.311341
YouTube,Love the interface and performance.,Positive,0.359619,0.443997
Duolingo,Useful but has minor issues.,Neutral,0,0.191686
YouTube,Works great especially for daily use.,Positive,0.621257,0.755307
Netflix,"Not bad, just decent.",Neutral,0,0.277097
Instagram,Excellent app with useful features.,Positive,0.930047,0.221138
YouTube,Useful but has minor issues.,Neutral,0,0.553424
YouTube,Works great especially for daily use.,Positive,0.696712,0.91993
Swiggy,"Not bad, just decent.",Neutral,0,0.162968
Telegram,,,,
YouTube,Excellent app with useful features.,Positive,0.267727,0.41614
Telegram,Very helpful and easy to use.,Positive,0.652355,0.752474
Zomato,Useful but has minor issues.,Neutral,0,0.469682
10 Best Foods for You,Love the interface and performance.,Positive,0.792339,0.596244
Canva,Average experience overall.,Neutral,0,0.250446
Duolingo,Poor user experience.,Negative,-0.438702,0.44049
Adobe Acrobat Reader,,,,
Spotify,Works great especially for daily use.,Positive,0.363435,0.578994
Zomato,Excellent app with useful features.,Positive,0.439939,0.586976
Amazon Shopping,Useful but has minor issues.,Neutral,0,0.230136
Spotify,Not satisfied with the performance.,Negative,-0.889123,0.402372
10 Best Foods for You,Average experience overall.,Neutral,0,0.185388
WhatsApp,"Amazing experience, highly recommended.",Positive,0.432029,0.734028
Spotify,"Not bad, just decent.",Neutral,0,0.29291
YouTube,"Amazing experience, highly recommended.",Positive,0.318533,0.426738
Adobe Acrobat Reader,Very helpful and easy to use.,Positive,0.227267,0.720338
Telegram,Very helpful and easy to use.,Positive,0.970237,0.574326
WhatsApp,Works great especially for daily use.,Positive,0.486198,0.884672
Netflix,Not satisfied with the performance.,Negative,-0.648438,0.343936
Telegram,Useful but has minor issues.,Neutral,0,0.269646
WhatsApp,Very helpful and easy to use.,Positive,0.938782,0.254568
Zomato,"Amazing experience, highly recommended.",Positive,0.684673,0.3443
WhatsApp,Useful but has minor issues.,Neutral,0,0.229613
WhatsApp,Too many ads.,Negative,-0.473956,0.88092
Adobe Acrobat Reader,,,,
Zomato,Excellent app with useful features.,Positive,0.599547,0.743458
Flipkart,Very slow after the latest update.,Negative,-0.905111,0.916529
WhatsApp,"Not bad, just decent.",Neutral,0,0.561188
10 Best Foods for You,Excellent app with useful features.,Positive,0.553223,0.499458
Telegram,Too many ads.,Negative,-0.903105,0.614657
Amazon Shopping,Works great especially for daily use.,Positive,0.356574,0.592882
Telegram,Works great especially for daily use.,Positive,0.54725,0.622824
YouTube,Excellent app with useful features.,Positive,0.362832,0.848007
Swiggy,,,,
YouTube,Excellent app with useful features.,Positive,0.472569,0.745889
Swiggy,Works great especially for daily use.,Positive,0.865922,0.656296
Instagram,Love the interface and performance.,Positive,0.882737,0.841277
Instagram,Excellent app with useful features.,Positive,0.655322,0.301754
Netflix,Works great especially for daily use.,Positive,0.241183,0.63243
10 Best Foods for You,Too many ads.,Negative,-0.648616,0.550534
Zomato,App crashes frequently.,Negative,-0.519019,0.468979
Netflix,"Amazing experience, highly recommended.",Positive,0.694916,0.636753
Swiggy,Very helpful and easy to use.,Positive,0.722586,0.22582
Google Maps,Excellent app with useful features.,Positive,0.311431,0.63767
WhatsApp,"It's okay, needs some improvements.",Neutral,0,0.217809
Adobe Acrobat Reader,Love the interface and performance.,Positive,0.762473,0.812459
10 Best Foods for You,"Amazing experience, highly recommended.",Positive,0.678518,0.689946
Adobe Acrobat Reader,Works great especially for daily use.,Positive,0.416407,0.233393
10 Best Foods for You,Very helpful and easy to use.,Positive,0.545212,0.442735
Zomato,Excellent app with useful features.,Positive,0.221083,0.825458
Canva,App crashes frequently.,Negative,-0.502754,0.336498
YouTube,"Amazing experience, highly recommended.",Positive,0.639636,0.292467
Adobe Acrobat Reader,Too many ads.,Negative,-0.68339,0.540188
Swiggy,Love the interface and performance.,Positive,0.20804,0.530452
YouTube,Useful but has minor issues.,Neutral,0,0.12289
YouTube,,,,
WhatsApp,Excellent app with useful features.,Positive,0.301373,0.344475
10 Best Foods for You,Average experience overall.,Neutral,0,0.599044
Amazon Shopping,Excellent app with useful features.,Positive,0.725272,0.261102
Netflix,Works fine but can be better.,Neutral,0,0.54882
Zomato,Works fine but can be better.,Neutral,0,0.490104
Duolingo,Very helpful and easy to use.,Positive,0.455087,0.633135
Adobe Acrobat Reader,Not satisfied with the performance.,Negative,-0.562413,0.354912
Swiggy,Very slow after the latest update.,Negative,-0.725555,0.687076
Adobe Acrobat Reader,Average experience overall.,Neutral,0,0.117934
Canva,"Not bad, just decent.",Neutral,0,0.576522
10 Best Foods for You,Very helpful and easy to use.,Positive,0.670592,0.44033
Adobe Acrobat Reader,Poor user experience.,Negative,-0.554178,0.903941
Google Maps,"Amazing experience, highly recommended.",Positive,0.347541,0.544868
10 Best Foods for You,Very helpful and easy to use.,Positive,0.949779,0.928043
YouTube,Too many ads.,Negative,-0.270781,0.713671
YouTube,,,,
WhatsApp,"Amazing experience, highly recommended.",Positive,0.82609,0.942853
YouTube,"Amazing experience, highly recommended.",Positive,0.961979,0.945978
Duolingo,Poor user experience.,Negative,-0.618548,0.803454
YouTube,"Amazing experience, highly recommended.",Positive,0.573866,0.99409
Canva,Very helpful and easy to use.,Positive,0.268429,0.399946
Netflix,Excellent app with useful features.,Positive,0.692438,0.489356
Telegram,Useful but has minor issues.,Neutral,0,0.10617
Duolingo,Very helpful and easy to use.,Positive,0.878074,0.555047
10 Best Foods for You,Very helpful and easy to use.,Positive,0.584166,0.87546
Canva,Excellent app with useful features.,Positive,0.421157,0.688263
Flipkart,Very helpful and easy to use.,Positive,0.812781,0.420915
Zomato,Works great especially for daily use.,Positive,0.317521,0.694359
10 Best Foods for You,Average experience overall.,Neutral,0,0.442221
Zomato,Love the interface and performance.,Positive,0.773886,0.24865
WhatsApp,App crashes frequently.,Negative,-0.389451,0.900243
Flipkart,Works great especially for daily use.,Positive,0.479784,0.261983
Instagram,Works great especially for daily use.,Positive,0.460631,0.497087
Zomato,"Amazing experience, highly recommended.",Positive,0.900683,0.314464
Flipkart,"Amazing experience, highly recommended.",Positive,0.917914,0.499772
Duolingo,Excellent app with useful features.,Positive,0.432698,0.320051
Spotify,,,,
Spotify,Love the interface and performance.,Positive,0.826774,0.770272
Canva,Works great especially for daily use.,Positive,0.504872,0.998257
Adobe Acrobat Reader,Very slow after the latest update.,Negative,-0.491138,0.998469
Telegram,Excellent app with useful features.,Positive,0.878076,0.622205
10 Best Foods for You,Useful but has minor issues.,Neutral,0,0.320509
Duolingo,Works great especially for daily use.,Positive,0.462948,0.839205
Flipkart,Excellent app with useful features.,Positive,0.754459,0.556006
Swiggy,Love the interface and performance.,Positive,0.604515,0.931708
Telegram,"Amazing experience, highly recommended.",Positive,0.383811,0.862257
Amazon Shopping,"Amazing experience, highly recommended.",Positive,0.739284,0.732722
Spotify,Very helpful and easy to use.,Positive,0.294371,0.526802
Netflix,Works great especially for daily use.,Positive,0.919898,0.901125
10 Best Foods for You,Love the interface and performance.,Positive,0.769105,0.575888
Adobe Acrobat Reader,"Amazing experience, highly recommended.",Positive,0.219145,0.333549
Adobe Acrobat Reader,Poor user experience.,Negative,-0.186166,0.548057
Google Maps,Very helpful and easy to use.,Positive,0.295224,0.917941
Swiggy,"It's okay, needs some improvements.",Neutral,0,0.597067
10 Best Foods for You,Poor user experience.,Negative,-0.180393,0.741582
WhatsApp,"Amazing experience, highly recommended.",Positive,0.760091,0.786755
WhatsApp,Not satisfied with the performance.,Negative,-0.924589,0.926919
Spotify,"Not bad, just decent.",Neutral,0,0.289687
Instagram,Works fine but can be better.,Neutral,0,0.572384
Adobe Acrobat Reader,Excellent app with useful features.,Positive,0.651305,0.917841
Spotify,Too many ads.,Negative,-0.70948,0.523005
Amazon Shopping,Works great especially for daily use.,Positive,0.54443,0.422605
Swiggy,Very helpful and easy to use.,Positive,0.332474,0.430275
Instagram,Too many ads.,Negative,-0.154716,0.4816
Spotify,Too many ads.,Negative,-0.873097,0.44479
Zomato,Love the interface and performance.,Positive,0.922033,0.967885
Netflix,"Amazing experience, highly recommended.",Positive,0.866004,0.220622
Canva,Poor user experience.,Negative,-0.34112,0.664626
Zomato,App crashes frequently.,Negative,-0.600035,0.602586
Duolingo,Very helpful and easy to use.,Positive,0.785307,0.29317
Flipkart,Average experience overall.,Neutral,0,0.463681
Flipkart,"Amazing experience, highly recommended.",Positive,0.704499,0.610275
YouTube,"It's okay, needs some improvements.",Neutral,0,0.316689
Swiggy,Works great especially for daily use.,Positive,0.873145,0.728904
Swiggy,App crashes frequently.,Negative,-0.778678,0.71044
Zomato,Works fine but can be better.,Neutral,0,0.335058
Instagram,Works fine but can be better.,Neutral,0,0.165896
Telegram,Very slow after the latest update.,Negative,-0.997122,0.347083
Netflix,"It's okay, needs some improvements.",Neutral,0,0.30908
Duolingo,Average experience overall.,Neutral,0,0.418857
Instagram,Too many ads.,Negative,-0.243377,0.912527
Telegram,"Not bad, just decent.",Neutral,0,0.398921
Netflix,Excellent app with useful features.,Positive,0.970335,0.917455
YouTube,Too many ads.,Negative,-0.777343,0.597406
Amazon Shopping,Excellent app with useful features.,Positive,0.478063,0.518471
Amazon Shopping,"Amazing experience, highly recommended.",Positive,0.680847,0.749778
10 Best Foods for You,"Amazing experience, highly recommended.",Positive,0.248643,0.817439
Duolingo,"Amazing experience, highly recommended.",Positive,0.540159,0.40856
10 Best Foods for You,Works fine but can be better.,Neutral,0,0.418133
10 Best Foods for You,Love the interface and performance.,Positive,0.900498,0.62881
YouTube,Not satisfied with the performance.,Negative,-0.450324,0.390451
Netflix,,,,
WhatsApp,,,,
Google Maps,Works fine but can be better.,Neutral,0,0.483421
Netflix,Works great especially for daily use.,Positive,0.489678,0.358752
Amazon Shopping,Works great especially for daily use.,Positive,0.43215,0.329123
Flipkart,Works great especially for daily use.,Positive,0.952011,0.22886
10 Best Foods for You,Love the interface and performance.,Positive,0.51835,0.58792
Amazon Shopping,Works great especially for daily use.,Positive,0.227022,0.799932
Zomato,Average experience overall.,Neutral,0,0.509148
Swiggy,Excellent app with useful features.,Positive,0.603608,0.762791
WhatsApp,Love the interface and performance.,Positive,0.683897,0.321478
WhatsApp,Love the interface and performance.,Positive,0.887442,0.827817
Google Maps,Very helpful and easy to use.,Positive,0.567125,0.279743
Telegram,"Amazing experience, highly recommended.",Positive,0.27445,0.973509
Netflix,Love the interface and performance.,Positive,0.605275,0.505927
Instagram,Not satisfied with the performance.,Negative,-0.356879,0.616589
Spotify,Works great especially for daily use.,Positive,0.557668,0.581445
Adobe Acrobat Reader,Excellent app with useful features.,Positive,0.276311,0.335405
Zomato,Excellent app with useful features.,Positive,0.313064,0.693191
Instagram,Average experience overall.,Neutral,0,0.129466
Instagram,Very helpful and easy to use.,Positive,0.867459,0.229208
WhatsApp,Excellent app with useful features.,Positive,0.414516,0.367379
Netflix,Very helpful and easy to use.,Positive,0.96758,0.388591
Instagram,Excellent app with useful features.,Positive,0.936984,0.540562
Adobe Acrobat Reader,Average experience overall.,Neutral,0,0.35997
Adobe Acrobat Reader,Excellent app with useful features.,Positive,0.23125,0.539346
Amazon Shopping,Works great especially for daily use.,Positive,0.799195,0.637668
Google Maps,,,,
Adobe Acrobat Reader,Very helpful and easy to use.,Positive,0.617984,0.69208
Flipkart,Very helpful and easy to use.,Positive,0.618601,0.363569
Spotify,Love the interface and performance.,Positive,0.400991,0.570304
Swiggy,Average experience overall.,Neutral,0,0.182119
WhatsApp,"Amazing experience, highly recommended.",Positive,0.343381,0.576395
10 Best Foods for You,Excellent app with useful features.,Positive,0.630185,0.464828
10 Best Foods for You,Excellent app with useful features.,Positive,0.480362,0.647325
Canva,Works great especially for daily use.,Positive,0.419664,0.856604
Zomato,Works fine but can be better.,Neutral,0,0.41225
Google Maps,Works great especially for daily use.,Positive,0.261981,0.321937
WhatsApp,Love the interface and performance.,Positive,0.281858,0.837508
Spotify,Love the interface and performance.,Positive,0.817583,0.673736
Duolingo,Useful but has minor issues.,Neutral,0,0.434248
Instagram,Works great especially for daily use.,Positive,0.99127,0.273071
YouTube,"Amazing experience, highly recommended.",Positive,0.899691,0.45867
Swiggy,"Amazing experience, highly recommended.",Positive,0.540325,0.577351
Duolingo,Love the interface and performance.,Positive,0.514597,0.819136
WhatsApp,Love the interface and performance.,Positive,0.453578,0.26256
Spotify,Too many ads.,Negative,-0.359787,0.887913
Netflix,Works fine but can be better.,Neutral,0,0.442684
Netflix,Average experience overall.,Neutral,0,0.112648
Flipkart,Works fine but can be better.,Neutral,0,0.464246
Canva,Very slow after the latest update.,Negative,-0.655788,0.425304
WhatsApp,Very helpful and easy to use.,Positive,0.620802,0.204492
Duolingo,Too many ads.,Negative,-0.547486,0.309096
Duolingo,,,,
Duolingo,Very helpful and easy to use.,Positive,0.419339,0.245782
Spotify,Poor user experience.,Negative,-0.102492,0.742568
Instagram,Useful but has minor issues.,Neutral,0,0.503715
10 Best Foods for You,Average experience overall.,Neutral,0,0.45282
Amazon Shopping,"Amazing experience, highly recommended.",Positive,0.867252,0.295541
Instagram,Excellent app with useful features.,Positive,0.886312,0.421983
Zomato,"It's okay, needs some improvements.",Neutral,0,0.266332
Telegram,Works great especially for daily use.,Positive,0.92458,0.669478
Flipkart,Poor user experience.,Negative,-0.625259,0.767406
10 Best Foods for You,Useful but has minor issues.,Neutral,0,0.173757
Duolingo,Very helpful and easy to use.,Positive,0.686823,0.750973
Google Maps,"It's okay, needs some improvements.",Neutral,0,0.255582
Netflix,Love the interface and performance.,Positive,0.868885,0.268876
Swiggy,Excellent app with useful features.,Positive,0.346001,0.269134
Flipkart,Very slow after the latest update.,Negative,-0.290137,0.452268
Flipkart,Very slow after the latest update.,Negative,-0.722996,0.776623
Swiggy,Average experience overall.,Neutral,0,0.255244
Google Maps,Works great especially for daily use.,Positive,0.652032,0.531186
Zomato,Very slow after the latest update.,Negative,-0.11865,0.481548
Instagram,Love the interface and performance.,Positive,0.490891,0.817896
Netflix,Average experience overall.,Neutral,0,0.118366
Zomato,Love the interface and performance.,Positive,0.36853,0.76175
Flipkart,Works fine but can be better.,Neutral,0,0.203723
WhatsApp,Very helpful and easy to use.,Positive,0.272606,0.818727
Duolingo,Excellent app with useful features.,Positive,0.613624,0.704891
Instagram,Very helpful and easy to use.,Positive,0.651016,0.726644
Swiggy,,,,
WhatsApp,Excellent app with useful features.,Positive,0.327,0.580397
Flipkart,Very helpful and easy to use.,Positive,0.445021,0.573473
Amazon Shopping,Love the interface and performance.,Positive,0.565157,0.660772
Google Maps,Works great especially for daily use.,Positive,0.40206,0.498572
Flipkart,Excellent app with useful features.,Positive,0.976613,0.901946
YouTube,App crashes frequently.,Negative,-0.621113,0.841851
Spotify,Love the interface and performance.,Positive,0.333108,0.440466
Spotify,Very slow after the latest update.,Negative,-0.143656,0.697592
Amazon Shopping,Excellent app with useful features.,Positive,0.97626,0.447419
YouTube,"Amazing experience, highly recommended.",Positive,0.332274,0.200675
Amazon Shopping,Very helpful and easy to use.,Positive,0.2643,0.388947
Canva,Average experience overall.,Neutral,0,0.442357
Zomato,Works great especially for daily use.,Positive,0.475769,0.576641
Telegram,"Amazing experience, highly recommended.",Positive,0.734749,0.865078
WhatsApp,Poor user experience.,Negative,-0.884348,0.834131
Amazon Shopping,Very helpful and easy to use.,Positive,0.855833,0.784298
Google Maps,Very helpful and easy to use.,Positive,0.590647,0.792343
Spotify,,,,
Swiggy,Works fine but can be better.,Neutral,0,0.28114
Netflix,"Not bad, just decent.",Neutral,0,0.557293
Telegram,Excellent app with useful features.,Positive,0.368986,0.548321
Flipkart,Works great especially for daily use.,Positive,0.427971,0.509452
Zomato,"Amazing experience, highly recommended.",Positive,0.343614,0.518573
Netflix,Excellent app with useful features.,Positive,0.477029,0.786137
Telegram,"It's okay, needs some improvements.",Neutral,0,0.180442
Amazon Shopping,"Amazing experience, highly recommended.",Positive,0.209271,0.723054
Telegram,Works fine but can be better.,Neutral,0,0.312491
WhatsApp,"Not bad, just decent.",Neutral,0,0.351031
YouTube,Love the interface and performance.,Positive,0.977416,0.289338
Amazon Shopping,"Amazing experience, highly recommended.",Positive,0.896251,0.264007
10 Best Foods for You,Not satisfied with the performance.,Negative,-0.767947,0.660427
Spotify,Excellent app with useful features.,Positive,0.571811,0.231876
Zomato,Love the interface and performance.,Positive,0.74911,0.401861
Flipkart,"It's okay, needs some improvements.",Neutral,0,0.371374
Amazon Shopping,"Amazing experience, highly recommended.",Positive,0.459706,0.708786
Spotify,Useful but has minor issues.,Neutral,0,0.46934
Canva,Works great especially for daily use.,Positive,0.78143,0.706336
Google Maps,"Amazing experience, highly recommended.",Positive,0.751194,0.395281
Zomato,Not satisfied with the performance.,Negative,-0.487839,0.328449
Flipkart,Excellent app with useful features.,Positive,0.50553,0.984213
Adobe Acrobat Reader,Works fine but can be better.,Neutral,0,0.311265
10 Best Foods for You,"It's okay, needs some improvements.",Neutral,0,0.518427
Google Maps,Useful but has minor issues.,Neutral,0,0.230488
Duolingo,Works great especially for daily use.,Positive,0.755406,0.239065
Spotify,"Not bad, just decent.",Neutral,0,0.237393
WhatsApp,Excellent app with useful features.,Positive,0.683698,0.927797
Telegram,Works great especially for daily use.,Positive,0.214975,0.53146
Amazon Shopping,Very helpful and easy to use.,Positive,0.277718,0.37986
WhatsApp,Very helpful and easy to use.,Positive,0.782531,0.687453
Instagram,Works fine but can be better.,Neutral,0,0.370729
Instagram,Very helpful and easy to use.,Positive,0.455714,0.858103
Amazon Shopping,Average experience overall.,Neutral,0,0.36612
Amazon Shopping,Excellent app with useful features.,Positive,0.728559,0.657051
Adobe Acrobat Reader,Very helpful and easy to use.,Positive,0.266474,0.798409
Netflix,Very helpful and easy to use.,Positive,0.561199,0.573904
Amazon Shopping,Very helpful and easy to use.,Positive,0.651914,0.532314
YouTube,,,,
Duolingo,Works great especially for daily use.,Positive,0.500227,0.630074
Google Maps,"It's okay, needs some improvements.",Neutral,0,0.297875
Canva,Works great especially for daily use.,Positive,0.891915,0.8135
WhatsApp,Very helpful and easy to use.,Positive,0.801025,0.534544
Spotify,"It's okay, needs some improvements.",Neutral,0,0.432117
Telegram,Works fine but can be better.,Neutral,0,0.351152
Netflix,Poor user experience.,Negative,-0.318855,0.500398
Swiggy,Very slow after the latest update.,Negative,-0.639951,0.302336
Zomato,Works great especially for daily use.,Positive,0.746681,0.278658
Spotify,Poor user experience.,Negative,-0.830013,0.320329
Canva,"It's okay, needs some improvements.",Neutral,0,0.399784
WhatsApp,Love the interface and performance.,Positive,0.399953,0.655445
Instagram,App crashes frequently.,Negative,-0.331331,0.918459
Telegram,Works great especially for daily use.,Positive,0.880247,0.329103
Flipkart,"Amazing experience, highly recommended.",Positive,0.949713,0.937109
Flipkart,Excellent app with useful features.,Positive,0.365606,0.568944
Canva,Works great especially for daily use.,Positive,0.837403,0.978244
Netflix,Works fine but can be better.,Neutral,0,0.536043
Swiggy,Excellent app with useful features.,Positive,0.205507,0.225858
Telegram,"Amazing experience, highly recommended.",Positive,0.889735,0.256292
Google Maps,Not satisfied with the performance.,Negative,-0.891116,0.843618
Telegram,"Not bad, just decent.",Neutral,0,0.340404
WhatsApp,"It's okay, needs some improvements.",Neutral,0,0.281687
WhatsApp,"Not bad, just decent.",Neutral,0,0.314294
Adobe Acrobat Reader,Useful but has minor issues.,Neutral,0,0.476789
Adobe Acrobat Reader,Very helpful and easy to use.,Positive,0.31356,0.394455
Instagram,Excellent app with useful features.,Positive,0.566594,0.767266
YouTube,Very helpful and easy to use.,Positive,0.751355,0.464529
Instagram,Love the interface and performance.,Positive,0.228596,0.312017
Netflix,Very helpful and easy to use.,Positive,0.650832,0.771043
Duolingo,Very helpful and easy to use.,Positive,0.580228,0.55189
Duolingo,Average experience overall.,Neutral,0,0.173263
Duolingo,Works great especially for daily use.,Positive,0.222404,0.36933
Duolingo,Very helpful and easy to use.,Positive,0.776911,0.796366
Netflix,Average experience overall.,Neutral,0,0.586202
Telegram,Too many ads.,Negative,-0.528996,0.564585
Swiggy,Love the interface and performance.,Positive,0.585642,0.587199
Google Maps,,,,
Adobe Acrobat Reader,Works great especially for daily use.,Positive,0.320071,0.686913
WhatsApp,Works fine but can be better.,Neutral,0,0.349395
Spotify,Not satisfied with the performance.,Negative,-0.191679,0.818965
Flipkart,Excellent app with useful features.,Positive,0.961623,0.605933
Duolingo,Love the interface and performance.,Positive,0.898092,0.97635
10 Best Foods for You,Works great especially for daily use.,Positive,0.404858,0.791549
WhatsApp,Very slow after the latest update.,Negative,-0.379326,0.619246
10 Best Foods for You,Very helpful and easy to use.,Positive,0.273087,0.352011
Zomato,Very slow after the latest update.,Negative,-0.529698,0.342606
Canva,"Not bad, just decent.",Neutral,0,0.332136
Netflix,Excellent app with useful features.,Positive,0.357141,0.293125
Adobe Acrobat Reader,Love the interface and performance.,Positive,0.371995,0.589785
Spotify,,,,
Google Maps,"Amazing experience, highly recommended.",Positive,0.821917,0.355839
YouTube,"It's okay, needs some improvements.",Neutral,0,0.225874
Google Maps,Works great especially for daily use.,Positive,0.462912,0.586624
Duolingo,Love the interface and performance.,Positive,0.399218,0.420231
Netflix,"It's okay, needs some improvements.",Neutral,0,0.588614
Amazon Shopping,Love the interface and performance.,Positive,0.576405,0.330505
Adobe Acrobat Reader,"It's okay, needs some improvements.",Neutral,0,0.562648
Instagram,Average experience overall.,Neutral,0,0.196798
Adobe Acrobat Reader,Love the interface and performance.,Positive,0.444307,0.813136
Instagram,Love the interface and performance.,Positive,0.368234,0.73751
Flipkart,Average experience overall.,Neutral,0,0.526179
Spotify,Love the interface and performance.,Positive,0.984924,0.722793
YouTube,Average experience overall.,Neutral,0,0.566422
Instagram,Works fine but can be better.,Neutral,0,0.172493
Flipkart,Works fine but can be better.,Neutral,0,0.324854
Google Maps,"It's okay, needs some improvements.",Neutral,0,0.481111
Google Maps,Works great especially for daily use.,Positive,0.979989,0.813639
10 Best Foods for You,Very helpful and easy to use.,Positive,0.435838,0.49878
Flipkart,Love the interface and performance.,Positive,0.647978,0.359562
Canva,Very helpful and easy to use.,Positive,0.285468,0.39451
Flipkart,Not satisfied with the performance.,Negative,-0.577115,0.979793
10 Best Foods for You,"Amazing experience, highly recommended.",Positive,0.399877,0.989543
Spotify,Very helpful and easy to use.,Positive,0.420837,0.495559
Swiggy,Excellent app with useful features.,Positive,0.459636,0.820194
Google Maps,Not satisfied with the performance.,Negative,-0.73103,0.439996
Adobe Acrobat Reader,Love the interface and performance.,Positive,0.81023,0.408575
Netflix,Average experience overall.,Neutral,0,0.48605
Adobe Acrobat Reader,Works fine but can be better.,Neutral,0,0.5786
Flipkart,Works great especially for daily use.,Positive,0.347312,0.574661
Instagram,Very helpful and easy to use.,Positive,0.404286,0.79812
10 Best Foods for You,"Not bad, just decent.",Neutral,0,0.298154
Instagram,"It's okay, needs some improvements.",Neutral,0,0.556491
Netflix,Excellent app with useful features.,Positive,0.967831,0.898465
Flipkart,Love the interface and performance.,Positive,0.467002,0.253688
Adobe Acrobat Reader,App crashes frequently.,Negative,-0.521414,0.859014
Zomato,"Amazing experience, highly recommended.",Positive,0.688025,0.99436
YouTube,Works fine but can be better.,Neutral,0,0.332858
Swiggy,Works fine but can be better.,Neutral,0,0.136513
Telegram,"Amazing experience, highly recommended.",Positive,0.911518,0.521173
Duolingo,,,,
Zomato,Very helpful and easy to use.,Positive,0.54172,0.407082
Canva,Useful but has minor issues.,Neutral,0,0.328877
Telegram,Works fine but can be better.,Neutral,0,0.546622
WhatsApp,Works great especially for daily use.,Positive,0.364915,0.345269
10 Best Foods for You,App crashes frequently.,Negative,-0.298483,0.678053
Adobe Acrobat Reader,Works great especially for daily use.,Positive,0.726534,0.361361
Amazon Shopping,Works great especially for daily use.,Positive,0.817876,0.221837
Swiggy,"Amazing experience, highly recommended.",Positive,0.220339,0.894026
Zomato,"Amazing experience, highly recommended.",Positive,0.550837,0.35891
YouTube,"It's okay, needs some improvements.",Neutral,0,0.584622
Netflix,"It's okay, needs some improvements.",Neutral,0,0.181441
Canva,Love the interface and performance.,Positive,0.486712,0.996286
Google Maps,Not satisfied with the performance.,Negative,-0.676127,0.478699
Adobe Acrobat Reader,"Amazing experience, highly recommended.",Positive,0.842729,0.520247
Zomato,Very helpful and easy to use.,Positive,0.869228,0.547319
Zomato,Excellent app with useful features.,Positive,0.720346,0.848136
Swiggy,Too many ads.,Negative,-0.343334,0.928132
10 Best Foods for You,Love the interface and performance.,Positive,0.207419,0.614898
Amazon Shopping,"It's okay, needs some improvements.",Neutral,0,0.398102
Canva,Works fine but can be better.,Neutral,0,0.408778
Zomato,Love the interface and performance.,Positive,0.97224,0.793573
YouTube,Excellent app with useful features.,Positive,0.829245,0.223984
Canva,Works fine but can be better.,Neutral,0,0.410957
10 Best Foods for You,"Amazing experience, highly recommended.",Positive,0.227378,0.897623
Swiggy,Love the interface and performance.,Positive,0.778018,0.335792
Adobe Acrobat Reader,,,,
Swiggy,Excellent app with useful features.,Positive,0.289928,0.580551
Google Maps,Works great especially for daily use.,Positive,0.885533,0.84754
10 Best Foods for You,Very helpful and easy to use.,Positive,0.302559,0.725099
Flipkart,"It's okay, needs some improvements.",Neutral,0,0.338895
WhatsApp,Works great especially for daily use.,Positive,0.375449,0.303846
Amazon Shopping,Excellent app with useful features.,Positive,0.773814,0.42584
Spotify,Works great especially for daily use.,Positive,0.784024,0.440887
WhatsApp,Useful but has minor issues.,Neutral,0,0.358452
Swiggy,Too many ads.,Negative,-0.620181,0.762841
Spotify,Poor user experience.,Negative,-0.431308,0.855936
Amazon Shopping,,,,
Telegram,,,,
YouTube,Excellent app with useful features.,Positive,0.657669,0.587076
Flipkart,Not satisfied with the performance.,Negative,-0.634909,0.994889
Instagram,Excellent app with useful features.,Positive,0.795968,0.724368
Netflix,Works great especially for daily use.,Positive,0.404228,0.845591
Instagram,Excellent app with useful features.,Positive,0.73441,0.4739
Netflix,"Not bad, just decent.",Neutral,0,0.421146
Netflix,"Amazing experience, highly recommended.",Positive,0.864062,0.296222
WhatsApp,Too many ads.,Negative,-0.592692,0.687309
Adobe Acrobat Reader,Very slow after the latest update.,Negative,-0.642198,0.958875
Netflix,Average experience overall.,Neutral,0,0.487956
Canva,Love the interface and performance.,Positive,0.82395,0.650306
Netflix,Works fine but can be better.,Neutral,0,0.369729
WhatsApp,Very helpful and easy to use.,Positive,0.327,0.744318
Telegram,Average experience overall.,Neutral,0,0.370411
Spotify,Excellent app with useful features.,Positive,0.967245,0.959119
Duolingo,"Amazing experience, highly recommended.",Positive,0.914996,0.574403
Amazon Shopping,Excellent app with useful features.,Positive,0.401063,0.644606
Duolingo,Useful but has minor issues.,Neutral,0,0.579638
10 Best Foods for You,"Amazing experience, highly recommended.",Positive,0.857953,0.811674
YouTube,Poor user experience.,Negative,-0.292318,0.752259
Google Maps,Very helpful and easy to use.,Positive,0.256425,0.970686
Duolingo,Love the interface and performance.,Positive,0.955473,0.321477
Instagram,Very helpful and easy to use.,Positive,0.208615,0.293834
Duolingo,Useful but has minor issues.,Neutral,0,0.335555
Telegram,Useful but has minor issues.,Neutral,0,0.471456
Instagram,Too many ads.,Negative,-0.212288,0.964642
10 Best Foods for You,App crashes frequently.,Negative,-0.435791,0.598137
Amazon Shopping,"Not bad, just decent.",Neutral,0,0.47923
Canva,Love the interface and performance.,Positive,0.967788,0.892068
Canva,"Not bad, just decent.",Neutral,0,0.310837
Telegram,Works fine but can be better.,Neutral,0,0.552366
Telegram,Very helpful and easy to use.,Positive,0.986469,0.266475
Adobe Acrobat Reader,Love the interface and performance.,Positive,0.595981,0.672868
Telegram,Poor user experience.,Negative,-0.495396,0.886188
Google Maps,Poor user experience.,Negative,-0.962109,0.375458
Zomato,Not satisfied with the performance.,Negative,-0.914578,0.976711
Canva,Useful but has minor issues.,Neutral,0,0.310915
Google Maps,"Amazing experience, highly recommended.",Positive,0.881786,0.658676
Netflix,,,,
Google Maps,"Not bad, just decent.",Neutral,0,0.434534
10 Best Foods for You,Very helpful and easy to use.,Positive,0.279043,0.936536
YouTube,,,,
Instagram,Very helpful and easy to use.,Positive,0.481903,0.972471
Duolingo,"Amazing experience, highly recommended.",Positive,0.759284,0.707846
YouTube,Love the interface and performance.,Positive,0.71863,0.792564
YouTube,"Not bad, just decent.",Neutral,0,0.528323
Flipkart,Works great especially for daily use.,Positive,0.453227,0.444668
Swiggy,Works fine but can be better.,Neutral,0,0.4109
Telegram,Very helpful and easy to use.,Positive,0.884781,0.588353
Flipkart,Very slow after the latest update.,Negative,-0.136622,0.525932
Adobe Acrobat Reader,Love the interface and performance.,Positive,0.760183,0.648388
YouTube,Love the interface and performance.,Positive,0.756509,0.358896
Adobe Acrobat Reader,Poor user experience.,Negative,-0.233012,0.402036
Flipkart,"Amazing experience, highly recommended.",Positive,0.282901,0.96486
Zomato,Useful but has minor issues.,Neutral,0,0.385053
Adobe Acrobat Reader,Excellent app with useful features.,Positive,0.396723,0.324009
Duolingo,,,,
Canva,Very slow after the latest update.,Negative,-0.212378,0.608249
YouTube,Works great especially for daily use.,Positive,0.971672,0.886025
Instagram,Love the interface and performance.,Positive,0.998698,0.353791
Amazon Shopping,Love the interface and performance.,Positive,0.910883,0.983305
WhatsApp,Works fine but can be better.,Neutral,0,0.501713
Duolingo,Works great especially for daily use.,Positive,0.456124,0.485659
WhatsApp,Very slow after the latest update.,Negative,-0.283999,0.705271
Adobe Acrobat Reader,Useful but has minor issues.,Neutral,0,0.454177
Netflix,Useful but has minor issues.,Neutral,0,0.213912
Flipkart,Useful but has minor issues.,Neutral,0,0.510539
Canva,Excellent app with useful features.,Positive,0.568191,0.550297
Spotify,Very slow after the latest update.,Negative,-0.980096,0.613928
Telegram,Works great especially for daily use.,Positive,0.251021,0.48353
WhatsApp,Excellent app with useful features.,Positive,0.77089,0.592648
WhatsApp,"Amazing experience, highly recommended.",Positive,0.372163,0.561689
Netflix,Works great especially for daily use.,Positive,0.655886,0.900775
Google Maps,Love the interface and performance.,Positive,0.451567,0.20542
Spotify,Useful but has minor issues.,Neutral,0,0.159842
Adobe Acrobat Reader,Works great especially for daily use.,Positive,0.786045,0.39904
Spotify,Very slow after the latest update.,Negative,-0.973461,0.950178
WhatsApp,"Amazing experience, highly recommended.",Positive,0.659202,0.959224
Google Maps,"Amazing experience, highly recommended.",Positive,0.310808,0.474636
Adobe Acrobat Reader,"Amazing experience, highly recommended.",Positive,0.903252,0.599745
Amazon Shopping,Very helpful and easy to use.,Positive,0.988509,0.706406
Flipkart,Very helpful and easy to use.,Positive,0.216321,0.684928
Netflix,Works great especially for daily use.,Positive,0.201383,0.988103
10 Best Foods for You,,,,
Google Maps,Useful but has minor issues.,Neutral,0,0.381682
Zomato,Love the interface and performance.,Positive,0.598561,0.628171
Flipkart,Average experience overall.,Neutral,0,0.399859
Spotify,Works great especially for daily use.,Positive,0.605863,0.851489
Instagram,,,,
10 Best Foods for You,App crashes frequently.,Negative,-0.273516,0.518166
Duolingo,Useful but has minor issues.,Neutral,0,0.359244
Swiggy,Works great especially for daily use.,Positive,0.997874,0.935999
Instagram,"Amazing experience, highly recommended.",Positive,0.82725,0.955209
Telegram,Very helpful and easy to use.,Positive,0.313105,0.96831
Instagram,Very helpful and easy to use.,Positive,0.246899,0.985877
Instagram,Not satisfied with the performance.,Negative,-0.911098,0.663891
Telegram,Not satisfied with the performance.,Negative,-0.482422,0.672348
Google Maps,Works fine but can be better.,Neutral,0,0.260158
Instagram,"Amazing experience, highly recommended.",Positive,0.52339,0.501654
Instagram,,,,
Adobe Acrobat Reader,"Amazing experience, highly recommended.",Positive,0.444718,0.99383
YouTube,"It's okay, needs some improvements.",Neutral,0,0.363775
10 Best Foods for You,Love the interface and performance.,Positive,0.798281,0.65702
Amazon Shopping,Useful but has minor issues.,Neutral,0,0.113982
Duolingo,Love the interface and performance.,Positive,0.241948,0.860315
Zomato,Works great especially for daily use.,Positive,0.606996,0.744907
10 Best Foods for You,Works great especially for daily use.,Positive,0.913885,0.769928
Adobe Acrobat Reader,Love the interface and performance.,Positive,0.712337,0.212474
Swiggy,App crashes frequently.,Negative,-0.168119,0.303317
Canva,Too many ads.,Negative,-0.114038,0.99096
Zomato,Poor user experience.,Negative,-0.959719,0.399169
Canva,"Amazing experience, highly recommended.",Positive,0.744317,0.768138
Swiggy,Very helpful and easy to use.,Positive,0.527363,0.208182
Zomato,Works great especially for daily use.,Positive,0.85338,0.590573
Spotify,,,,
WhatsApp,"Not bad, just decent.",Neutral,0,0.164444
WhatsApp,"It's okay, needs some improvements.",Neutral,0,0.179462
YouTube,Very helpful and easy to use.,Positive,0.333893,0.792074
Telegram,Works fine but can be better.,Neutral,0,0.36813
Duolingo,Excellent app with useful features.,Positive,0.515925,0.90848
Canva,"Amazing experience, highly recommended.",Positive,0.360631,0.61458
10 Best Foods for You,Works great especially for daily use.,Positive,0.230425,0.510451
Adobe Acrobat Reader,Average experience overall.,Neutral,0,0.317974
Flipkart,Love the interface and performance.,Positive,0.815301,0.730301
Netflix,Works great especially for daily use.,Positive,0.779928,0.235006
10 Best Foods for You,Very helpful and easy to use.,Positive,0.937472,0.480094
Canva,"Amazing experience, highly recommended.",Positive,0.322478,0.433444
Adobe Acrobat Reader,Works fine but can be better.,Neutral,0,0.429006
Instagram,,,,
Instagram,Love the interface and performance.,Positive,0.430245,0.328878
Netflix,Excellent app with useful features.,Positive,0.527939,0.627419
Spotify,Works fine but can be better.,Neutral,0,0.285186
Amazon Shopping,"It's okay, needs some improvements.",Neutral,0,0.290607
Spotify,Love the interface and performance.,Positive,0.295714,0.379614
Telegram,,,,
Netflix,"Not bad, just decent.",Neutral,0,0.568605
Telegram,"Not bad, just decent.",Neutral,0,0.324836
WhatsApp,Very helpful and easy to use.,Positive,0.476117,0.990382
Instagram,Poor user experience.,Negative,-0.517191,0.552095
Amazon Shopping,"Not bad, just decent.",Neutral,0,0.59957
Swiggy,"Not bad, just decent.",Neutral,0,0.502725
Amazon Shopping,,,,
Google Maps,Works great especially for daily use.,Positive,0.989991,0.300019
Telegram,Poor user experience.,Negative,-0.20474,0.622407
Instagram,Very helpful and easy to use.,Positive,0.470241,0.732299
Amazon Shopping,Works great especially for daily use.,Positive,0.770072,0.654709
Zomato,Works fine but can be better.,Neutral,0,0.550177
Netflix,Works fine but can be better.,Neutral,0,0.422
Canva,Love the interface and performance.,Positive,0.72179,0.440256
Zomato,Poor user experience.,Negative,-0.954203,0.452025
Netflix,Useful but has minor issues.,Neutral,0,0.315892
Instagram,,,,
Canva,Works fine but can be better.,Neutral,0,0.591816
Telegram,"Amazing experience, highly recommended.",Positive,0.660055,0.840669
Amazon Shopping,Works great especially for daily use.,Positive,0.810096,0.589348
Spotify,"It's okay, needs some improvements.",Neutral,0,0.438095
YouTube,Excellent app with useful features.,Positive,0.465207,0.271958
Swiggy,Works great especially for daily use.,Positive,0.966365,0.446049
Adobe Acrobat Reader,Not satisfied with the performance.,Negative,-0.185936,0.612632
Flipkart,Excellent app with useful features.,Positive,0.841869,0.32785
Swiggy,Love the interface and performance.,Positive,0.928185,0.527744
Netflix,Very helpful and easy to use.,Positive,0.751971,0.922921
Adobe Acrobat Reader,"Amazing experience, highly recommended.",Positive,0.277655,0.231503
Swiggy,Works great especially for daily use.,Positive,0.81371,0.66894
Zomato,Love the interface and performance.,Positive,0.345467,0.91519
Instagram,Very helpful and easy to use.,Positive,0.990252,0.909193
Adobe Acrobat Reader,"Not bad, just decent.",Neutral,0,0.558382
Adobe Acrobat Reader,Average experience overall.,Neutral,0,0.580788
Flipkart,"It's okay, needs some improvements.",Neutral,0,0.277356
YouTube,Useful but has minor issues.,Neutral,0,0.308869
Amazon Shopping,Love the interface and performance.,Positive,0.424197,0.616345
Swiggy,,,,
Flipkart,Works great especially for daily use.,Positive,0.760412,0.410491
Google Maps,"Amazing experience, highly recommended.",Positive,0.727528,0.466335
10 Best Foods for You,Not satisfied with the performance.,Negative,-0.99039,0.701557
Duolingo,Poor user experience.,Negative,-0.650443,0.786702
Duolingo,Love the interface and performance.,Positive,0.882901,0.827296
Google Maps,Very helpful and easy to use.,Positive,0.775294,0.641906
Instagram,"Amazing experience, highly recommended.",Positive,0.935021,0.267836
Telegram,App crashes frequently.,Negative,-0.979293,0.389968
YouTube,Very helpful and easy to use.,Positive,0.251967,0.657527
Canva,App crashes frequently.,Negative,-0.349204,0.815552
Flipkart,Average experience overall.,Neutral,0,0.391377
Zomato,Works fine but can be better.,Neutral,0,0.493066
Adobe Acrobat Reader,Works great especially for daily use.,Positive,0.359617,0.796851
Adobe Acrobat Reader,"It's okay, needs some improvements.",Neutral,0,0.101921
YouTube,Excellent app with useful features.,Positive,0.509521,0.700361
Canva,"Amazing experience, highly recommended.",Positive,0.684366,0.348852
Duolingo,Excellent app with useful features.,Positive,0.554013,0.606068
Adobe Acrobat Reader,Works great especially for daily use.,Positive,0.902541,0.660347
Canva,"It's okay, needs some improvements.",Neutral,0,0.194099
Zomato,Very slow after the latest update.,Negative,-0.644799,0.885228
Duolingo,Very helpful and easy to use.,Positive,0.374607,0.40076
Flipkart,Very helpful and easy to use.,Positive,0.425159,0.329011
10 Best Foods for You,Excellent app with useful features.,Positive,0.695876,0.854163
Adobe Acrobat Reader,Poor user experience.,Negative,-0.989201,0.820988
Adobe Acrobat Reader,Works fine but can be better.,Neutral,0,0.449038
Spotify,Very helpful and easy to use.,Positive,0.781719,0.455251
Flipkart,"Amazing experience, highly recommended.",Positive,0.440198,0.59127
Netflix,Love the interface and performance.,Positive,0.336442,0.752692
Google Maps,"Amazing experience, highly recommended.",Positive,0.570899,0.919272
Instagram,"Not bad, just decent.",Neutral,0,0.309799
10 Best Foods for You,"Not bad, just decent.",Neutral,0,0.594881
Telegram,"Amazing experience, highly recommended.",Positive,0.8331,0.729418
Amazon Shopping,Very slow after the latest update.,Negative,-0.914638,0.573904
Amazon Shopping,"Amazing experience, highly recommended.",Positive,0.513786,0.442818
Zomato,"Amazing experience, highly recommended.",Positive,0.68546,0.59931
Google Maps,Excellent app with useful features.,Positive,0.482696,0.284809
Flipkart,Average experience overall.,Neutral,0,0.217576
Instagram,Excellent app with useful features.,Positive,0.965485,0.705207
Flipkart,"Not bad, just decent.",Neutral,0,0.405813
Spotify,Very helpful and easy to use.,Positive,0.845699,0.891278
Flipkart,Excellent app with useful features.,Positive,0.557663,0.5336
Canva,Works fine but can be better.,Neutral,0,0.416936
Swiggy,Useful but has minor issues.,Neutral,0,0.270379
YouTube,Works great especially for daily use.,Positive,0.972379,0.825276
Spotify,Love the interface and performance.,Positive,0.68751,0.850658
Canva,Excellent app with useful features.,Positive,0.450768,0.904583
Google Maps,"It's okay, needs some improvements.",Neutral,0,0.364618
Instagram,Too many ads.,Negative,-0.939767,0.572704
Canva,Works great especially for daily use.,Positive,0.491026,0.822207
Instagram,Works fine but can be better.,Neutral,0,0.278084
Spotify,Very helpful and easy to use.,Positive,0.965334,0.587758
Flipkart,Works great especially for daily use.,Positive,0.966181,0.67807
Adobe Acrobat Reader,Works great especially for daily use.,Positive,0.618802,0.603303
Canva,Excellent app with useful features.,Positive,0.438542,0.363392
Duolingo,,,,
Telegram,Very helpful and easy to use.,Positive,0.571952,0.927845
Amazon Shopping,Works great especially for daily use.,Positive,0.675076,0.806769
Adobe Acrobat Reader,Works great especially for daily use.,Positive,0.765037,0.562667
Amazon Shopping,Excellent app with useful features.,Positive,0.299132,0.89419
Netflix,"Amazing experience, highly recommended.",Positive,0.640102,0.703112
Telegram,Love the interface and performance.,Positive,0.868859,0.227627
Duolingo,"It's okay, needs some improvements.",Neutral,0,0.54163
10 Best Foods for You,"Not bad, just decent.",Neutral,0,0.131939
Adobe Acrobat Reader,Works great especially for daily use.,Positive,0.952098,0.388011
YouTube,Excellent app with useful features.,Positive,0.530113,0.800681
Instagram,"Amazing experience, highly recommended.",Positive,0.713455,0.516792
Amazon Shopping,Works great especially for daily use.,Positive,0.558799,0.292199
Swiggy,Excellent app with useful features.,Positive,0.715807,0.646148
10 Best Foods for You,"Not bad, just decent.",Neutral,0,0.121197
Canva,Very slow after the latest update.,Negative,-0.549475,0.526065
YouTube,Love the interface and performance.,Positive,0.812429,0.593782
Telegram,Excellent app with useful features.,Positive,0.232104,0.671735
Canva,Very helpful and easy to use.,Positive,0.761459,0.665267
Flipkart,"Not bad, just decent.",Neutral,0,0.206389
Netflix,,,,
Telegram,Love the interface and performance.,Positive,0.49944,0.510736
Zomato,Works fine but can be better.,Neutral,0,0.197886
Swiggy,Very helpful and easy to use.,Positive,0.56132,0.556435
Telegram,Average experience overall.,Neutral,0,0.192416
10 Best Foods for You,Works great especially for daily use.,Positive,0.360114,0.656166
WhatsApp,Average experience overall.,Neutral,0,0.543326
Zomato,Works great especially for daily use.,Positive,0.653477,0.907504
Duolingo,Excellent app with useful features.,Positive,0.373139,0.344735
Flipkart,Poor user experience.,Negative,-0.352028,0.620519
Google Maps,"Amazing experience, highly recommended.",Positive,0.58414,0.677392
YouTube,Very slow after the latest update.,Negative,-0.930093,0.375083
10 Best Foods for You,"It's okay, needs some improvements.",Neutral,0,0.573394
Swiggy,,,,
Instagram,Works great especially for daily use.,Positive,0.277786,0.49444
Telegram,Very helpful and easy to use.,Positive,0.26088,0.53399
10 Best Foods for You,Excellent app with useful features.,Positive,0.44164,0.410181
Swiggy,Very slow after the latest update.,Negative,-0.891707,0.745697
Telegram,Poor user experience.,Negative,-0.842877,0.378811
WhatsApp,Not satisfied with the performance.,Negative,-0.374573,0.491194
10 Best Foods for You,Works great especially for daily use.,Positive,0.37238,0.518031
Google Maps,,,,
Instagram,Works great especially for daily use.,Positive,0.978326,0.661409
10 Best Foods for You,Too many ads.,Negative,-0.361088,0.80321
Canva,Very helpful and easy to use.,Positive,0.970552,0.350456
WhatsApp,Excellent app with useful features.,Positive,0.898817,0.868314
Google Maps,Average experience overall.,Neutral,0,0.457785
WhatsApp,,,,
Flipkart,"Amazing experience, highly recommended.",Positive,0.635673,0.498614
Swiggy,Works great especially for daily use.,Positive,0.456569,0.711451
Google Maps,"Amazing experience, highly recommended.",Positive,0.98681,0.813851
Amazon Shopping,"Not bad, just decent.",Neutral,0,0.437855
Google Maps,Love the interface and performance.,Positive,0.40256,0.310113
Swiggy,Love the interface and performance.,Positive,0.88944,0.331421
10 Best Foods for You,Very slow after the latest update.,Negative,-0.461087,0.678148
Zomato,Not satisfied with the performance.,Negative,-0.874431,0.871381
Canva,"Amazing experience, highly recommended.",Positive,0.904578,0.992403
Netflix,,,,
Adobe Acrobat Reader,Love the interface and performance.,Positive,0.73171,0.331762
Canva,"Not bad, just decent.",Neutral,0,0.158461
WhatsApp,"Amazing experience, highly recommended.",Positive,0.618497,0.855489
Canva,"It's okay, needs some improvements.",Neutral,0,0.212907
Telegram,Average experience overall.,Neutral,0,0.458101
Swiggy,Excellent app with useful features.,Positive,0.596162,0.932675
WhatsApp,"Amazing experience, highly recommended.",Positive,0.442286,0.367395
Telegram,"It's okay, needs some improvements.",Neutral,0,0.10811
Duolingo,Excellent app with useful features.,Positive,0.253617,0.562079
Adobe Acrobat Reader,"Amazing experience, highly recommended.",Positive,0.208455,0.678049
Flipkart,"Amazing experience, highly recommended.",Positive,0.695406,0.935645
Telegram,"Amazing experience, highly recommended.",Positive,0.981611,0.599996
Flipkart,,,,
WhatsApp,Useful but has minor issues.,Neutral,0,0.484894
Google Maps,Works fine but can be better.,Neutral,0,0.574561
Telegram,Excellent app with useful features.,Positive,0.970215,0.80724
Adobe Acrobat Reader,Excellent app with useful features.,Positive,0.396312,0.864504
Telegram,Very helpful and easy to use.,Positive,0.393103,0.9872
10 Best Foods for You,"Amazing experience, highly recommended.",Positive,0.373244,0.528486
10 Best Foods for You,Excellent app with useful features.,Positive,0.948431,0.555544
Netflix,Love the interface and performance.,Positive,0.510542,0.939984
Telegram,Excellent app with useful features.,Positive,0.758573,0.592879
Swiggy,App crashes frequently.,Negative,-0.738742,0.531991
Adobe Acrobat Reader,App crashes frequently.,Negative,-0.820789,0.640373
10 Best Foods for You,Average experience overall.,Neutral,0,0.486231
10 Best Foods for You,Love the interface and performance.,Positive,0.876431,0.382986
Instagram,App crashes frequently.,Negative,-0.908616,0.397444
WhatsApp,"It's okay, needs some improvements.",Neutral,0,0.319049
Flipkart,Love the interface and performance.,Positive,0.918152,0.494631
Netflix,Very helpful and easy to use.,Positive,0.549033,0.761638
Adobe Acrobat Reader,Very helpful and easy to use.,Positive,0.5797,0.605691
Canva,App crashes frequently.,Negative,-0.978302,0.360464
Amazon Shopping,Love the interface and performance.,Positive,0.498653,0.410405
Adobe Acrobat Reader,Useful but has minor issues.,Neutral,0,0.306628
Netflix,,,,
Canva,"Amazing experience, highly recommended.",Positive,0.208955,0.247995
YouTube,,,,
Netflix,Excellent app with useful features.,Positive,0.442675,0.849169
Flipkart,Very slow after the latest update.,Negative,-0.8302,0.632332
Instagram,Love the interface and performance.,Positive,0.706717,0.633122
YouTube,Useful but has minor issues.,Neutral,0,0.172701
YouTube,Excellent app with useful features.,Positive,0.652926,0.397654
YouTube,Average experience overall.,Neutral,0,0.513988
Google Maps,Very helpful and easy to use.,Positive,0.824506,0.222132
Telegram,"Amazing experience, highly recommended.",Positive,0.685149,0.893548
WhatsApp,Love the interface and performance.,Positive,0.910995,0.716833
YouTube,Love the interface and performance.,Positive,0.430102,0.818479
Google Maps,Love the interface and performance.,Positive,0.267874,0.91332
Amazon Shopping,Very helpful and easy to use.,Positive,0.514614,0.571606
YouTube,Love the interface and performance.,Positive,0.684237,0.935461
Zomato,"Amazing experience, highly recommended.",Positive,0.805934,0.871606
Spotify,Not satisfied with the performance.,Negative,-0.460592,0.850071
Amazon Shopping,"Amazing experience, highly recommended.",Positive,0.980181,0.626191
Spotify,Very helpful and easy to use.,Positive,0.947329,0.899801
Spotify,Very helpful and easy to use.,Positive,0.925774,0.652812
Flipkart,Very helpful and easy to use.,Positive,0.614137,0.529231
Duolingo,Average experience overall.,Neutral,0,0.484157
Swiggy,Works fine but can be better.,Neutral,0,0.194983
Telegram,Very helpful and easy to use.,Positive,0.363572,0.570152
Netflix,Works fine but can be better.,Neutral,0,0.419298
Canva,Works fine but can be better.,Neutral,0,0.191539
Telegram,"Amazing experience, highly recommended.",Positive,0.587475,0.416592
Spotify,Very helpful and easy to use.,Positive,0.684787,0.402029
Google Maps,App crashes frequently.,Negative,-0.940108,0.868394
Duolingo,Love the interface and performance.,Positive,0.666867,0.421673
Spotify,"Amazing experience, highly recommended.",Positive,0.70249,0.591648
Adobe Acrobat Reader,Excellent app with useful features.,Positive,0.311782,0.298333
YouTube,Excellent app with useful features.,Positive,0.421885,0.638793
Duolingo,"Amazing experience, highly recommended.",Positive,0.363914,0.913049
Spotify,Love the interface and performance.,Positive,0.775658,0.42735
Canva,Useful but has minor issues.,Neutral,0,0.475863
Swiggy,Average experience overall.,Neutral,0,0.111477
Spotify,"Amazing experience, highly recommended.",Positive,0.362513,0.693037
Amazon Shopping,Works fine but can be better.,Neutral,0,0.504775
Adobe Acrobat Reader,Average experience overall.,Neutral,0,0.221012
Spotify,Works great especially for daily use.,Positive,0.423577,0.202535
Telegram,Love the interface and performance.,Positive,0.879672,0.556932
Canva,"Amazing experience, highly recommended.",Positive,0.554022,0.791332
Google Maps,"It's okay, needs some improvements.",Neutral,0,0.370632
Duolingo,"Not bad, just decent.",Neutral,0,0.494794
Netflix,Love the interface and performance.,Positive,0.69251,0.870575
Spotify,Excellent app with useful features.,Positive,0.680763,0.759143
Google Maps,Works great especially for daily use.,Positive,0.451369,0.524082
Canva,Poor user experience.,Negative,-0.459608,0.628799
10 Best Foods for You,Excellent app with useful features.,Positive,0.561797,0.840081
Google Maps,Excellent app with useful features.,Positive,0.592766,0.779343
Swiggy,Very helpful and easy to use.,Positive,0.382845,0.493276
Duolingo,Love the interface and performance.,Positive,0.716007,0.679284
YouTube,"Amazing experience, highly recommended.",Positive,0.491657,0.808568
Adobe Acrobat Reader,Love the interface and performance.,Positive,0.75625,0.240052
Adobe Acrobat Reader,Works great especially for daily use.,Positive,0.434522,0.8868
Duolingo,"Amazing experience, highly recommended.",Positive,0.449279,0.616406
Canva,Useful but has minor issues.,Neutral,0,0.427311
YouTube,Very slow after the latest update.,Negative,-0.740581,0.629174
Google Maps,Works great especially for daily use.,Positive,0.682107,0.261638
YouTube,Average experience overall.,Neutral,0,0.366977
YouTube,Average experience overall.,Neutral,0,0.176359
Swiggy,Works fine but can be better.,Neutral,0,0.527704
YouTube,Useful but has minor issues.,Neutral,0,0.352255
10 Best Foods for You,"Amazing experience, highly recommended.",Positive,0.324728,0.305833
Zomato,Very helpful and easy to use.,Positive,0.569924,0.563955
WhatsApp,Love the interface and performance.,Positive,0.803611,0.253659
Google Maps,Love the interface and performance.,Positive,0.83907,0.74202
Google Maps,Useful but has minor issues.,Neutral,0,0.33331
Telegram,Love the interface and performance.,Positive,0.661978,0.870102
Google Maps,"Amazing experience, highly recommended.",Positive,0.333516,0.886341
Amazon Shopping,Love the interface and performance.,Positive,0.995772,0.873557
Adobe Acrobat Reader,"Amazing experience, highly recommended.",Positive,0.439614,0.219101
Instagram,"Amazing experience, highly recommended.",Positive,0.820058,0.800278
Instagram,Average experience overall.,Neutral,0,0.424536
Duolingo,Works great especially for daily use.,Positive,0.922931,0.402336
Google Maps,Works great especially for daily use.,Positive,0.570639,0.53264
10 Best Foods for You,Excellent app with useful features.,Positive,0.436334,0.242495
Instagram,Poor user experience.,Negative,-0.929689,0.505766
Zomato,"Amazing experience, highly recommended.",Positive,0.254205,0.465162
Duolingo,Excellent app with useful features.,Positive,0.316751,0.768884
Duolingo,Love the interface and performance.,Positive,0.497013,0.558687
Flipkart,Love the interface and performance.,Positive,0.461236,0.494374
YouTube,"Amazing experience, highly recommended.",Positive,0.806794,0.546727
Netflix,,,,
YouTube,Useful but has minor issues.,Neutral,0,0.133645
Amazon Shopping,"Amazing experience, highly recommended.",Positive,0.78516,0.708164
Amazon Shopping,App crashes frequently.,Negative,-0.444813,0.493032
Canva,,,,
Duolingo,,,,
Amazon Shopping,"Amazing experience, highly recommended.",Positive,0.839577,0.906533
Google Maps,Works great especially for daily use.,Positive,0.200454,0.252983
Zomato,,,,
WhatsApp,"Amazing experience, highly recommended.",Positive,0.932107,0.332483
Telegram,"Amazing experience, highly recommended.",Positive,0.849352,0.47419
WhatsApp,Too many ads.,Negative,-0.480661,0.683548
Swiggy,Very helpful and easy to use.,Positive,0.621367,0.734201
Zomato,Very helpful and easy to use.,Positive,0.844951,0.822637
Canva,"Amazing experience, highly recommended.",Positive,0.417751,0.951952
Duolingo,"Not bad, just decent.",Neutral,0,0.125643
Spotify,App crashes frequently.,Negative,-0.258338,0.68851
Zomato,Very slow after the latest update.,Negative,-0.582087,0.407281
Adobe Acrobat Reader,"Amazing experience, highly recommended.",Positive,0.794019,0.535433
Flipkart,Love the interface and performance.,Positive,0.584939,0.942728
Adobe Acrobat Reader,App crashes frequently.,Negative,-0.607939,0.870543
Amazon Shopping,Too many ads.,Negative,-0.156165,0.382758
Canva,Poor user experience.,Negative,-0.470419,0.583722
Zomato,Works great especially for daily use.,Positive,0.468889,0.678386
Spotify,Excellent app with useful features.,Positive,0.265848,0.789944
Amazon Shopping,Excellent app with useful features.,Positive,0.947499,0.834872
WhatsApp,App crashes frequently.,Negative,-0.575913,0.322879
Duolingo,Very helpful and easy to use.,Positive,0.732847,0.270016
Amazon Shopping,Excellent app with useful features.,Positive,0.997052,0.265877
10 Best Foods for You,Average experience overall.,Neutral,0,0.494771
Swiggy,App crashes frequently.,Negative,-0.759403,0.504
Zomato,Works fine but can be better.,Neutral,0,0.169308
Instagram,Love the interface and performance.,Positive,0.276896,0.685187
WhatsApp,Very helpful and easy to use.,Positive,0.732007,0.755927
YouTube,Too many ads.,Negative,-0.735712,0.79396
Google Maps,Too many ads.,Negative,-0.40037,0.447383
Instagram,Excellent app with useful features.,Positive,0.246998,0.900113
Amazon Shopping,Works great especially for daily use.,Positive,0.778216,0.42598
Flipkart,"Amazing experience, highly recommended.",Positive,0.548268,0.298095
Telegram,Useful but has minor issues.,Neutral,0,0.251273
WhatsApp,Excellent app with useful features.,Positive,0.491367,0.512635
Flipkart,Very helpful and easy to use.,Positive,0.511647,0.850015
Instagram,Very helpful and easy to use.,Positive,0.55969,0.852625
WhatsApp,Very helpful and easy to use.,Positive,0.966452,0.801211
Zomato,Works great especially for daily use.,Positive,0.963432,0.532641
Instagram,Excellent app with useful features.,Positive,0.907375,0.392019
Spotify,Works great especially for daily use.,Positive,0.776628,0.534296
YouTube,,,,
Flipkart,Works fine but can be better.,Neutral,0,0.26859
Adobe Acrobat Reader,Useful but has minor issues.,Neutral,0,0.200857
Amazon Shopping,Useful but has minor issues.,Neutral,0,0.236723
Google Maps,Not satisfied with the performance.,Negative,-0.16608,0.437663
YouTube,"Not bad, just decent.",Neutral,0,0.582071
Spotify,"Amazing experience, highly recommended.",Positive,0.235611,0.466084
Google Maps,App crashes frequently.,Negative,-0.572934,0.914764
Swiggy,Not satisfied with the performance.,Negative,-0.792149,0.520626
Spotify,Excellent app with useful features.,Positive,0.853389,0.734746
Spotify,Love the interface and performance.,Positive,0.383377,0.377441
Zomato,"Amazing experience, highly recommended.",Positive,0.238211,0.260885
YouTube,Useful but has minor issues.,Neutral,0,0.569958
10 Best Foods for You,Too many ads.,Negative,-0.307989,0.76432
Instagram,Love the interface and performance.,Positive,0.430046,0.292697
Canva,Very helpful and easy to use.,Positive,0.341789,0.724882
10 Best Foods for You,Works great especially for daily use.,Positive,0.957263,0.216553
Amazon Shopping,Average experience overall.,Neutral,0,0.428729
Telegram,"Amazing experience, highly recommended.",Positive,0.363275,0.331126
Adobe Acrobat Reader,Love the interface and performance.,Positive,0.753246,0.711218
Adobe Acrobat Reader,App crashes frequently.,Negative,-0.141773,0.346188
YouTube,Very slow after the latest update.,Negative,-0.897966,0.615904
Adobe Acrobat Reader,Useful but has minor issues.,Neutral,0,0.332649
Adobe Acrobat Reader,"It's okay, needs some improvements.",Neutral,0,0.27813
Adobe Acrobat Reader,Works great especially for daily use.,Positive,0.636244,0.400221
10 Best Foods for You,"It's okay, needs some improvements.",Neutral,0,0.596061
Amazon Shopping,Love the interface and performance.,Positive,0.355336,0.992891
YouTube,"Amazing experience, highly recommended.",Positive,0.834132,0.545921
YouTube,Average experience overall.,Neutral,0,0.183762
Spotify,"It's okay, needs some improvements.",Neutral,0,0.588069
WhatsApp,"Not bad, just decent.",Neutral,0,0.378729
Instagram,Average experience overall.,Neutral,0,0.549985
10 Best Foods for You,Very helpful and easy to use.,Positive,0.213697,0.731664
Flipkart,Excellent app with useful features.,Positive,0.975667,0.889605
Adobe Acrobat Reader,Love the interface and performance.,Positive,0.64913,0.293195
Amazon Shopping,Love the interface and performance.,Positive,0.780723,0.472563
Spotify,Works fine but can be better.,Neutral,0,0.223019
Netflix,Excellent app with useful features.,Positive,0.24393,0.440164
Amazon Shopping,Average experience overall.,Neutral,0,0.240334
Zomato,Love the interface and performance.,Positive,0.491028,0.59863
WhatsApp,Very helpful and easy to use.,Positive,0.462203,0.76944
Zomato,Love the interface and performance.,Positive,0.881256,0.490026
Adobe Acrobat Reader,Works fine but can be better.,Neutral,0,0.544204
Amazon Shopping,Excellent app with useful features.,Positive,0.385216,0.421212
Zomato,"It's okay, needs some improvements.",Neutral,0,0.505789
Netflix,Not satisfied with the performance.,Negative,-0.732514,0.686657
Duolingo,Excellent app with useful features.,Positive,0.449514,0.902371
Adobe Acrobat Reader,Excellent app with useful features.,Positive,0.309513,0.275452
Spotify,,,,
Swiggy,Very helpful and easy to use.,Positive,0.524791,0.285513
Amazon Shopping,Works great especially for daily use.,Positive,0.265607,0.334704
Telegram,"It's okay, needs some improvements.",Neutral,0,0.415419
10 Best Foods for You,Average experience overall.,Neutral,0,0.184685
Zomato,"Amazing experience, highly recommended.",Positive,0.204229,0.61838
Duolingo,Average experience overall.,Neutral,0,0.346326
Canva,"Amazing experience, highly recommended.",Positive,0.353977,0.622225
Flipkart,Poor user experience.,Negative,-0.180328,0.501364
Canva,Poor user experience.,Negative,-0.770501,0.723679
10 Best Foods for You,Works great especially for daily use.,Positive,0.797429,0.75304
Spotify,"It's okay, needs some improvements.",Neutral,0,0.583587
Canva,Works great especially for daily use.,Positive,0.795904,0.785002
Telegram,Too many ads.,Negative,-0.13654,0.702202
Telegram,Excellent app with useful features.,Positive,0.530685,0.473086
Instagram,"It's okay, needs some improvements.",Neutral,0,0.534401
Flipkart,Love the interface and performance.,Positive,0.744252,0.554729
Canva,"Amazing experience, highly recommended.",Positive,0.482543,0.895961
Zomato,"Amazing experience, highly recommended.",Positive,0.959314,0.549961
Duolingo,,,,
Instagram,"It's okay, needs some improvements.",Neutral,0,0.474162
Netflix,Very helpful and easy to use.,Positive,0.312558,0.423462
Google Maps,Love the interface and performance.,Positive,0.252236,0.563543
Duolingo,Very helpful and easy to use.,Positive,0.871574,0.970807
Duolingo,Works great especially for daily use.,Positive,0.213717,0.387537
Instagram,Not satisfied with the performance.,Negative,-0.541272,0.953783
Adobe Acrobat Reader,Very helpful and easy to use.,Positive,0.751926,0.41745
Telegram,"Amazing experience, highly recommended.",Positive,0.21624,0.653725
Swiggy,Too many ads.,Negative,-0.271261,0.830416
Telegram,Not satisfied with the performance.,Negative,-0.280905,0.670944
Amazon Shopping,App crashes frequently.,Negative,-0.865813,0.313699
YouTube,Love the interface and performance.,Positive,0.473037,0.584815
Amazon Shopping,"Amazing experience, highly recommended.",Positive,0.400934,0.843675
Spotify,Love the interface and performance.,Positive,0.652173,0.48551
Google Maps,Works great especially for daily use.,Positive,0.459772,0.886237
Flipkart,Very helpful and easy to use.,Positive,0.59452,0.544659
Netflix,,,,
Adobe Acrobat Reader,Very slow after the latest update.,Negative,-0.630338,0.330714
Instagram,App crashes frequently.,Negative,-0.907646,0.992842
Netflix,Works great especially for daily use.,Positive,0.374776,0.277485
Duolingo,,,,
Spotify,Not satisfied with the performance.,Negative,-0.199179,0.925172
Adobe Acrobat Reader,Excellent app with useful features.,Positive,0.274808,0.400253
Spotify,Average experience overall.,Neutral,0,0.122085
WhatsApp,Excellent app with useful features.,Positive,0.940983,0.59164
Canva,App crashes frequently.,Negative,-0.920161,0.708015
Swiggy,Very helpful and easy to use.,Positive,0.947724,0.802662
Netflix,Excellent app with useful features.,Positive,0.984564,0.657363
Telegram,Works great especially for daily use.,Positive,0.387376,0.236163
Amazon Shopping,Works great especially for daily use.,Positive,0.436,0.24902
Instagram,Excellent app with useful features.,Positive,0.780595,0.77925
Flipkart,Too many ads.,Negative,-0.248728,0.602276
WhatsApp,Poor user experience.,Negative,-0.659722,0.419963
10 Best Foods for You,"Not bad, just decent.",Neutral,0,0.154262
YouTube,"Amazing experience, highly recommended.",Positive,0.286752,0.383406
Zomato,Useful but has minor issues.,Neutral,0,0.541914
Netflix,Not satisfied with the performance.,Negative,-0.114033,0.920472
Amazon Shopping,Love the interface and performance.,Positive,0.37247,0.559247
Amazon Shopping,Works fine but can be better.,Neutral,0,0.257865
Spotify,"It's okay, needs some improvements.",Neutral,0,0.198135
Duolingo,Excellent app with useful features.,Positive,0.89978,0.292278
WhatsApp,Love the interface and performance.,Positive,0.95965,0.290532
Instagram,Average experience overall.,Neutral,0,0.126416
Amazon Shopping,Works great especially for daily use.,Positive,0.392386,0.240607
Zomato,Very slow after the latest update.,Negative,-0.514897,0.358498
Netflix,Very helpful and easy to use.,Positive,0.639126,0.862488
10 Best Foods for You,Very slow after the latest update.,Negative,-0.874259,0.85302
WhatsApp,Love the interface and performance.,Positive,0.553878,0.537698
Telegram,Works fine but can be better.,Neutral,0,0.33045
Telegram,"It's okay, needs some improvements.",Neutral,0,0.116553
10 Best Foods for You,"It's okay, needs some improvements.",Neutral,0,0.531443
WhatsApp,,,,
Flipkart,Useful but has minor issues.,Neutral,0,0.140532
WhatsApp,App crashes frequently.,Negative,-0.604919,0.926006
Telegram,Useful but has minor issues.,Neutral,0,0.112921
Amazon Shopping,Excellent app with useful features.,Positive,0.835752,0.603216
Duolingo,Excellent app with useful features.,Positive,0.63662,0.318355
Telegram,"Amazing experience, highly recommended.",Positive,0.617778,0.81439
Amazon Shopping,Useful but has minor issues.,Neutral,0,0.410827
10 Best Foods for You,Love the interface and performance.,Positive,0.547752,0.221001
Spotify,,,,
Telegram,Very helpful and easy to use.,Positive,0.709334,0.270951
WhatsApp,"Amazing experience, highly recommended.",Positive,0.502177,0.298354
Google Maps,Works great especially for daily use.,Positive,0.992534,0.495653
10 Best Foods for You,Useful but has minor issues.,Neutral,0,0.287663
10 Best Foods for You,"Amazing experience, highly recommended.",Positive,0.242429,0.366333
Google Maps,"Not bad, just decent.",Neutral,0,0.409046
YouTube,Useful but has minor issues.,Neutral,0,0.192383
Adobe Acrobat Reader,"It's okay, needs some improvements.",Neutral,0,0.532626
Duolingo,Love the interface and performance.,Positive,0.932188,0.790805
Duolingo,Works great especially for daily use.,Positive,0.637982,0.578913
Swiggy,"Amazing experience, highly recommended.",Positive,0.774545,0.350147
Telegram,Works great especially for daily use.,Positive,0.7384,0.313201
Google Maps,Works great especially for daily use.,Positive,0.617379,0.716149
Telegram,Works great especially for daily use.,Positive,0.216567,0.903557
YouTube,Love the interface and performance.,Positive,0.544711,0.283274
YouTube,Excellent app with useful features.,Positive,0.85763,0.4333
Telegram,Very helpful and easy to use.,Positive,0.806126,0.893019
10 Best Foods for You,Works fine but can be better.,Neutral,0,0.269965
Telegram,Excellent app with useful features.,Positive,0.734931,0.575866
Duolingo,Very helpful and easy to use.,Positive,0.610384,0.967977
Netflix,Very slow after the latest update.,Negative,-0.342298,0.55786
Netflix,Very helpful and easy to use.,Positive,0.465241,0.977981
Instagram,Works fine but can be better.,Neutral,0,0.11877
Telegram,Too many ads.,Negative,-0.785065,0.94154
Canva,Average experience overall.,Neutral,0,0.514263
Duolingo,App crashes frequently.,Negative,-0.644752,0.455315
Amazon Shopping,Love the interface and performance.,Positive,0.563795,0.57316
Swiggy,Love the interface and performance.,Positive,0.980472,0.392877
Adobe Acrobat Reader,Works great especially for daily use.,Positive,0.307766,0.715223
Canva,,,,
Google Maps,"It's okay, needs some improvements.",Neutral,0,0.559065
Spotify,Very helpful and easy to use.,Positive,0.993138,0.276246
Netflix,Useful but has minor issues.,Neutral,0,0.545912
10 Best Foods for You,Excellent app with useful features.,Positive,0.99781,0.223519
Adobe Acrobat Reader,Love the interface and performance.,Positive,0.302326,0.677757
Swiggy,,,,
WhatsApp,"Amazing experience, highly recommended.",Positive,0.41111,0.426919
Spotify,"Not bad, just decent.",Neutral,0,0.558336
Swiggy,Very helpful and easy to use.,Positive,0.687794,0.476634
Swiggy,Excellent app with useful features.,Positive,0.846811,0.896673
Telegram,Love the interface and performance.,Positive,0.433795,0.38508
Netflix,Useful but has minor issues.,Neutral,0,0.169647
Google Maps,Average experience overall.,Neutral,0,0.5708
Spotify,Works great especially for daily use.,Positive,0.561034,0.468153
Google Maps,Excellent app with useful features.,Positive,0.756334,0.885822
Duolingo,Excellent app with useful features.,Positive,0.863666,0.704382
YouTube,"Amazing experience, highly recommended.",Positive,0.542936,0.97303
WhatsApp,,,,
WhatsApp,"Not bad, just decent.",Neutral,0,0.490153
10 Best Foods for You,App crashes frequently.,Negative,-0.531769,0.442228
Google Maps,"It's okay, needs some improvements.",Neutral,0,0.293142
Telegram,Works great especially for daily use.,Positive,0.279957,0.340407
Canva,Excellent app with useful features.,Positive,0.853918,0.607261
Amazon Shopping,"Amazing experience, highly recommended.",Positive,0.539579,0.649097
Swiggy,Love the interface and performance.,Positive,0.865113,0.432321
10 Best Foods for You,Love the interface and performance.,Positive,0.203967,0.622248
Instagram,Works great especially for daily use.,Positive,0.58151,0.733685
Netflix,"Amazing experience, highly recommended.",Positive,0.236896,0.386998
Flipkart,Excellent app with useful features.,Positive,0.733621,0.561227
WhatsApp,,,,
Zomato,,,,
Flipkart,Excellent app with useful features.,Positive,0.842629,0.428612
Amazon Shopping,"Not bad, just decent.",Neutral,0,0.595947
Spotify,Love the interface and performance.,Positive,0.764929,0.69902
Telegram,"Not bad, just decent.",Neutral,0,0.53479
Telegram,Love the interface and performance.,Positive,0.807596,0.796815
Telegram,Poor user experience.,Negative,-0.919311,0.665549
Amazon Shopping,"Amazing experience, highly recommended.",Positive,0.709422,0.655009
Amazon Shopping,Excellent app with useful features.,Positive,0.81784,0.909871
Spotify,Very slow after the latest update.,Negative,-0.14204,0.923378
Adobe Acrobat Reader,Average experience overall.,Neutral,0,0.247216
Amazon Shopping,Love the interface and performance.,Positive,0.647879,0.950023
Google Maps,Love the interface and performance.,Positive,0.578382,0.518395
Adobe Acrobat Reader,Excellent app with useful features.,Positive,0.713549,0.339132
Canva,Very slow after the latest update.,Negative,-0.532006,0.454278
Telegram,Very slow after the latest update.,Negative,-0.19133,0.664146
Telegram,Works fine but can be better.,Neutral,0,0.514007
Swiggy,Excellent app with useful features.,Positive,0.985278,0.921799
Spotify,Love the interface and performance.,Positive,0.843668,0.827261
Google Maps,Works great especially for daily use.,Positive,0.547316,0.412831
YouTube,Very helpful and easy to use.,Positive,0.52554,0.258243
Zomato,"Amazing experience, highly recommended.",Positive,0.278602,0.864491
Swiggy,Love the interface and performance.,Positive,0.450956,0.469482
Swiggy,Works great especially for daily use.,Positive,0.821775,0.518936
Amazon Shopping,Works fine but can be better.,Neutral,0,0.524882
Duolingo,Excellent app with useful features.,Positive,0.866024,0.331396
YouTube,Love the interface and performance.,Positive,0.547399,0.512538
Swiggy,App crashes frequently.,Negative,-0.249661,0.834278
Netflix,Works great especially for daily use.,Positive,0.851451,0.467873
Zomato,Excellent app with useful features.,Positive,0.500153,0.244789
Telegram,Love the interface and performance.,Positive,0.25853,0.790184
10 Best Foods for You,Useful but has minor issues.,Neutral,0,0.19795
Spotify,Average experience overall.,Neutral,0,0.12515
Flipkart,Excellent app with useful features.,Positive,0.916575,0.55252
Spotify,"Amazing experience, highly recommended.",Positive,0.908348,0.780817
YouTube,Useful but has minor issues.,Neutral,0,0.168597
10 Best Foods for You,"Amazing experience, highly recommended.",Positive,0.779991,0.860805
Swiggy,Works great especially for daily use.,Positive,0.652337,0.945988
Adobe Acrobat Reader,"Amazing experience, highly recommended.",Positive,0.94926,0.739706
Duolingo,Works great especially for daily use.,Positive,0.563093,0.271349
Amazon Shopping,Works great especially for daily use.,Positive,0.362095,0.932656
Google Maps,Excellent app with useful features.,Positive,0.571404,0.363934
Swiggy,"It's okay, needs some improvements.",Neutral,0,0.401464
10 Best Foods for You,"Amazing experience, highly recommended.",Positive,0.390378,0.610636
Telegram,Love the interface and performance.,Positive,0.658749,0.475972
Adobe Acrobat Reader,Love the interface and performance.,Positive,0.437383,0.411679
10 Best Foods for You,Love the interface and performance.,Positive,0.458418,0.312681
Google Maps,Excellent app with useful features.,Positive,0.544928,0.427808
10 Best Foods for You,Very helpful and easy to use.,Positive,0.8656,0.518688
Netflix,"Amazing experience, highly recommended.",Positive,0.792733,0.599727
Netflix,Excellent app with useful features.,Positive,0.867166,0.71125
Swiggy,Useful but has minor issues.,Neutral,0,0.513661
Adobe Acrobat Reader,"Amazing experience, highly recommended.",Positive,0.337296,0.6369
WhatsApp,Useful but has minor issues.,Neutral,0,0.318966
YouTube,Useful but has minor issues.,Neutral,0,0.221515
Adobe Acrobat Reader,Very helpful and easy to use.,Positive,0.52674,0.470777
Spotify,App crashes frequently.,Negative,-0.556457,0.791974
Netflix,Excellent app with useful features.,Positive,0.562859,0.760089
Google Maps,"Amazing experience, highly recommended.",Positive,0.614622,0.846085
Zomato,Excellent app with useful features.,Positive,0.500893,0.314904
Telegram,Very helpful and easy to use.,Positive,0.462312,0.327374
Google Maps,"It's okay, needs some improvements.",Neutral,0,0.488643
Netflix,Too many ads.,Negative,-0.635559,0.405238
Adobe Acrobat Reader,Average experience overall.,Neutral,0,0.136377
Spotify,"Amazing experience, highly recommended.",Positive,0.80397,0.963913
Netflix,Works fine but can be better.,Neutral,0,0.21761
Spotify,Love the interface and performance.,Positive,0.894462,0.96247
Amazon Shopping,Very helpful and easy to use.,Positive,0.838708,0.96112
WhatsApp,Useful but has minor issues.,Neutral,0,0.316575
WhatsApp,Useful but has minor issues.,Neutral,0,0.584533
Telegram,Too many ads.,Negative,-0.238478,0.726811
Netflix,Works fine but can be better.,Neutral,0,0.27339
Telegram,Excellent app with useful features.,Positive,0.756224,0.553124
Flipkart,Love the interface and performance.,Positive,0.521323,0.512397
Canva,Very slow after the latest update.,Negative,-0.976404,0.730908
Duolingo,Love the interface and performance.,Positive,0.250785,0.702255
Instagram,"Amazing experience, highly recommended.",Positive,0.633581,0.885619
Spotify,Works great especially for daily use.,Positive,0.869636,0.30359
Netflix,Excellent app with useful features.,Positive,0.832422,0.625713
Telegram,Works great especially for daily use.,Positive,0.745871,0.833924
Flipkart,Excellent app with useful features.,Positive,0.730856,0.89423
YouTube,Love the interface and performance.,Positive,0.465502,0.565308
10 Best Foods for You,,,,
Adobe Acrobat Reader,Very slow after the latest update.,Negative,-0.299459,0.539842
Flipkart,Love the interface and performance.,Positive,0.514539,0.674876
Canva,Useful but has minor issues.,Neutral,0,0.247082
Telegram,Not satisfied with the performance.,Negative,-0.334576,0.89272
YouTube,Very slow after the latest update.,Negative,-0.508436,0.931063
Spotify,Works great especially for daily use.,Positive,0.408583,0.747575
Swiggy,Very helpful and easy to use.,Positive,0.777937,0.945729
Amazon Shopping,Works great especially for daily use.,Positive,0.974902,0.337486
Spotify,Works fine but can be better.,Neutral,0,0.36487
YouTube,Love the interface and performance.,Positive,0.284968,0.768492
Flipkart,Poor user experience.,Negative,-0.532959,0.969381
Zomato,Very helpful and easy to use.,Positive,0.80479,0.818403
Duolingo,Works great especially for daily use.,Positive,0.445295,0.698544
Swiggy,Love the interface and performance.,Positive,0.259608,0.865918
Swiggy,Excellent app with useful features.,Positive,0.359318,0.86642
Flipkart,Excellent app with useful features.,Positive,0.268808,0.491379
Google Maps,"Amazing experience, highly recommended.",Positive,0.286018,0.862079
Canva,Works fine but can be better.,Neutral,0,0.40969
Canva,Love the interface and performance.,Positive,0.277902,0.839043
Instagram,Love the interface and performance.,Positive,0.412604,0.877284
WhatsApp,Works fine but can be better.,Neutral,0,0.575193
YouTube,Average experience overall.,Neutral,0,0.328316
Spotify,Not satisfied with the performance.,Negative,-0.528651,0.69304
Spotify,"Amazing experience, highly recommended.",Positive,0.205381,0.488789
Canva,Very helpful and easy to use.,Positive,0.521755,0.912148
Swiggy,"Not bad, just decent.",Neutral,0,0.308042
Flipkart,"Amazing experience, highly recommended.",Positive,0.833836,0.559824
Instagram,Very slow after the latest update.,Negative,-0.556559,0.536523
Flipkart,Too many ads.,Negative,-0.512785,0.537675
Spotify,Very helpful and easy to use.,Positive,0.830086,0.873261
Duolingo,Love the interface and performance.,Positive,0.928389,0.974108
YouTube,App crashes frequently.,Negative,-0.877487,0.895709
Swiggy,,,,
Amazon Shopping,Works great especially for daily use.,Positive,0.669065,0.902726
Adobe Acrobat Reader,Excellent app with useful features.,Positive,0.83945,0.894788
Adobe Acrobat Reader,"Amazing experience, highly recommended.",Positive,0.227031,0.363273
Telegram,"It's okay, needs some improvements.",Neutral,0,0.241955
Duolingo,"Amazing experience, highly recommended.",Positive,0.508661,0.69597
WhatsApp,Works great especially for daily use.,Positive,0.538458,0.919095
YouTube,Poor user experience.,Negative,-0.865266,0.304456
Flipkart,Very slow after the latest update.,Negative,-0.172683,0.501539
Adobe Acrobat Reader,Average experience overall.,Neutral,0,0.453783
YouTube,Average experience overall.,Neutral,0,0.518169
Amazon Shopping,Excellent app with useful features.,Positive,0.70153,0.699254
10 Best Foods for You,Excellent app with useful features.,Positive,0.615672,0.532294
Instagram,"Not bad, just decent.",Neutral,0,0.272504
Netflix,Love the interface and performance.,Positive,0.764933,0.732126
Amazon Shopping,Poor user experience.,Negative,-0.582165,0.482238
Flipkart,Works great especially for daily use.,Positive,0.503128,0.89019
10 Best Foods for You,Useful but has minor issues.,Neutral,0,0.508334
Zomato,Love the interface and performance.,Positive,0.392871,0.2818
10 Best Foods for You,"Amazing experience, highly recommended.",Positive,0.96828,0.716336
Amazon Shopping,Average experience overall.,Neutral,0,0.321449
WhatsApp,Not satisfied with the performance.,Negative,-0.130042,0.969684
Swiggy,,,,
Amazon Shopping,Love the interface and performance.,Positive,0.927713,0.371279
Google Maps,Poor user experience.,Negative,-0.280537,0.760073
Spotify,Love the interface and performance.,Positive,0.640527,0.389164
Amazon Shopping,Works great especially for daily use.,Positive,0.831481,0.884559
Netflix,Very helpful and easy to use.,Positive,0.413423,0.297725
WhatsApp,"Not bad, just decent.",Neutral,0,0.209433
YouTube,Excellent app with useful features.,Positive,0.656835,0.40883
Duolingo,Poor user experience.,Negative,-0.449908,0.807521
Amazon Shopping,Useful but has minor issues.,Neutral,0,0.319398
Amazon Shopping,Works great especially for daily use.,Positive,0.24435,0.397191
Swiggy,"Not bad, just decent.",Neutral,0,0.459382
Canva,Too many ads.,Negative,-0.875552,0.965865
Swiggy,Excellent app with useful features.,Positive,0.849857,0.802199
Adobe Acrobat Reader,Excellent app with useful features.,Positive,0.638384,0.338613
Swiggy,,,,
YouTube,"Not bad, just decent.",Neutral,0,0.359312
Netflix,Works great especially for daily use.,Positive,0.754656,0.777636
Swiggy,Works great especially for daily use.,Positive,0.389437,0.627992
Swiggy,"It's okay, needs some improvements.",Neutral,0,0.200998
Duolingo,"Amazing experience, highly recommended.",Positive,0.716325,0.851738
Zomato,"Amazing experience, highly recommended.",Positive,0.253127,0.868147
Amazon Shopping,Not satisfied with the performance.,Negative,-0.191314,0.907315
10 Best Foods for You,Average experience overall.,Neutral,0,0.48961
WhatsApp,"It's okay, needs some improvements.",Neutral,0,0.146238
Canva,Useful but has minor issues.,Neutral,0,0.196426
Spotify,Not satisfied with the performance.,Negative,-0.625974,0.629068
Canva,Love the interface and performance.,Positive,0.973932,0.316147
10 Best Foods for You,"It's okay, needs some improvements.",Neutral,0,0.203623
Adobe Acrobat Reader,Poor user experience.,Negative,-0.6309,0.826862
Amazon Shopping,"It's okay, needs some improvements.",Neutral,0,0.157967
Google Maps,Works great especially for daily use.,Positive,0.233481,0.694006
10 Best Foods for You,Useful but has minor issues.,Neutral,0,0.479976
Swiggy,Very slow after the latest update.,Negative,-0.966679,0.700319
Google Maps,Excellent app with useful features.,Positive,0.72827,0.564275
Swiggy,Love the interface and performance.,Positive,0.282904,0.811488
Duolingo,Excellent app with useful features.,Positive,0.83187,0.746433
Telegram,App crashes frequently.,Negative,-0.481213,0.528647
Amazon Shopping,Works great especially for daily use.,Positive,0.213692,0.858591
Canva,Very helpful and easy to use.,Positive,0.777259,0.871717
Adobe Acrobat Reader,"It's okay, needs some improvements.",Neutral,0,0.502681
Canva,Very helpful and easy to use.,Positive,0.302563,0.755648
Instagram,Average experience overall.,Neutral,0,0.584443
Adobe Acrobat Reader,Very helpful and easy to use.,Positive,0.639756,0.631711
Google Maps,Very slow after the latest update.,Negative,-0.238292,0.48155
Adobe Acrobat Reader,"It's okay, needs some improvements.",Neutral,0,0.170423
Instagram,Very helpful and easy to use.,Positive,0.691401,0.583448
Netflix,Love the interface and performance.,Positive,0.69554,0.554492
WhatsApp,Love the interface and performance.,Positive,0.217904,0.382561
Amazon Shopping,Excellent app with useful features.,Positive,0.473912,0.408849
Zomato,App crashes frequently.,Negative,-0.800347,0.797232
Duolingo,,,,
10 Best Foods for You,"Not bad, just decent.",Neutral,0,0.578295
Spotify,Works fine but can be better.,Neutral,0,0.311595
YouTube,"Amazing experience, highly recommended.",Positive,0.672098,0.822704
Flipkart,Works great especially for daily use.,Positive,0.956616,0.401025
Zomato,Works fine but can be better.,Neutral,0,0.330873
10 Best Foods for You,Excellent app with useful features.,Positive,0.837807,0.611346
10 Best Foods for You,"Not bad, just decent.",Neutral,0,0.376922
Adobe Acrobat Reader,Excellent app with useful features.,Positive,0.591187,0.539044
10 Best Foods for You,Very helpful and easy to use.,Positive,0.558209,0.318506
10 Best Foods for You,Very helpful and easy to use.,Positive,0.763443,0.570764
Canva,Excellent app with useful features.,Positive,0.397202,0.569557
Canva,Too many ads.,Negative,-0.674991,0.671486
Duolingo,"Amazing experience, highly recommended.",Positive,0.339985,0.763252
10 Best Foods for You,,,,
Google Maps,Love the interface and performance.,Positive,0.741093,0.557456
WhatsApp,Excellent app with useful features.,Positive,0.36365,0.649006
Flipkart,Average experience overall.,Neutral,0,0.403481
Amazon Shopping,Poor user experience.,Negative,-0.170228,0.886831
Swiggy,"It's okay, needs some improvements.",Neutral,0,0.276617
Adobe Acrobat Reader,"Not bad, just decent.",Neutral,0,0.10949
10 Best Foods for You,"Amazing experience, highly recommended.",Positive,0.280134,0.972065
Telegram,"It's okay, needs some improvements.",Neutral,0,0.125289
Spotify,Very helpful and easy to use.,Positive,0.229881,0.799218
Duolingo,Love the interface and performance.,Positive,0.254356,0.771922
YouTube,Works fine but can be better.,Neutral,0,0.387084
Flipkart,App crashes frequently.,Negative,-0.715001,0.420484
Duolingo,Love the interface and performance.,Positive,0.438103,0.864105
Zomato,Not satisfied with the performance.,Negative,-0.523731,0.644977
Canva,Love the interface and performance.,Positive,0.551214,0.296222
Google Maps,Very helpful and easy to use.,Positive,0.281644,0.926461
Adobe Acrobat Reader,Excellent app with useful features.,Positive,0.588017,0.656814
Canva,Very helpful and easy to use.,Positive,0.549515,0.368748
WhatsApp,Useful but has minor issues.,Neutral,0,0.244553
Spotify,Poor user experience.,Negative,-0.273688,0.346897
Zomato,"Amazing experience, highly recommended.",Positive,0.878497,0.964604
Amazon Shopping,,,,
Instagram,Love the interface and performance.,Positive,0.875401,0.284553
Google Maps,Excellent app with useful features.,Positive,0.70466,0.728352
Duolingo,Not satisfied with the performance.,Negative,-0.150657,0.85943
Canva,Useful but has minor issues.,Neutral,0,0.385781
Spotify,Not satisfied with the performance.,Negative,-0.596278,0.402624
Adobe Acrobat Reader,Excellent app with useful features.,Positive,0.784765,0.630001
Telegram,Love the interface and performance.,Positive,0.224429,0.856279
Adobe Acrobat Reader,Too many ads.,Negative,-0.726297,0.396768
YouTube,Too many ads.,Negative,-0.530248,0.816212
Canva,Love the interface and performance.,Positive,0.499039,0.946006
Netflix,Works fine but can be better.,Neutral,0,0.370047
Google Maps,Excellent app with useful features.,Positive,0.863049,0.343864
Canva,Love the interface and performance.,Positive,0.522584,0.811688
Telegram,"Amazing experience, highly recommended.",Positive,0.739472,0.672344
YouTube,Useful but has minor issues.,Neutral,0,0.551906
Amazon Shopping,Useful but has minor issues.,Neutral,0,0.571635
Telegram,Excellent app with useful features.,Positive,0.413708,0.671073
Canva,Excellent app with useful features.,Positive,0.832093,0.538818
Flipkart,Love the interface and performance.,Positive,0.713861,0.341623
Duolingo,Useful but has minor issues.,Neutral,0,0.379094
Flipkart,"Amazing experience, highly recommended.",Positive,0.664827,0.887195
Telegram,Very helpful and easy to use.,Positive,0.711999,0.907814
Swiggy,Useful but has minor issues.,Neutral,0,0.288157
Netflix,Love the interface and performance.,Positive,0.543447,0.412516
Netflix,Excellent app with useful features.,Positive,0.322359,0.470414
Google Maps,Too many ads.,Negative,-0.478002,0.470211
Telegram,Works great especially for daily use.,Positive,0.200275,0.974129
YouTube,"Amazing experience, highly recommended.",Positive,0.626163,0.601447
Spotify,,,,
Google Maps,"Amazing experience, highly recommended.",Positive,0.321071,0.990018
Netflix,"Amazing experience, highly recommended.",Positive,0.217644,0.866416
Adobe Acrobat Reader,Excellent app with useful features.,Positive,0.669198,0.805351
WhatsApp,Useful but has minor issues.,Neutral,0,0.420049
Amazon Shopping,Poor user experience.,Negative,-0.902836,0.449341
WhatsApp,Works great especially for daily use.,Positive,0.98481,0.235033
Duolingo,"Amazing experience, highly recommended.",Positive,0.465961,0.864047
10 Best Foods for You,Very helpful and easy to use.,Positive,0.800381,0.596474
Duolingo,Very helpful and easy to use.,Positive,0.720229,0.898434
WhatsApp,Love the interface and performance.,Positive,0.533113,0.876102
Instagram,Excellent app with useful features.,Positive,0.81792,0.301422
Duolingo,Love the interface and performance.,Positive,0.70439,0.637364
Swiggy,Poor user experience.,Negative,-0.250005,0.401822
Duolingo,Love the interface and performance.,Positive,0.878233,0.283669
Canva,"Not bad, just decent.",Neutral,0,0.413295
Duolingo,Useful but has minor issues.,Neutral,0,0.408703
Swiggy,Poor user experience.,Negative,-0.373169,0.684686
Duolingo,Very helpful and easy to use.,Positive,0.750951,0.893386
Flipkart,Very helpful and easy to use.,Positive,0.842863,0.23944
Adobe Acrobat Reader,Average experience overall.,Neutral,0,0.129294
Telegram,Very slow after the latest update.,Negative,-0.372708,0.567043
WhatsApp,,,,
Adobe Acrobat Reader,Excellent app with useful features.,Positive,0.381655,0.676805
YouTube,Average experience overall.,Neutral,0,0.310624
Canva,Average experience overall.,Neutral,0,0.150004
Spotify,Excellent app with useful features.,Positive,0.503186,0.206143
10 Best Foods for You,Works fine but can be better.,Neutral,0,0.503497
Duolingo,Works great especially for daily use.,Positive,0.237567,0.936407
Google Maps,Love the interface and performance.,Positive,0.690712,0.545072
Google Maps,Works fine but can be better.,Neutral,0,0.180915
Zomato,"Amazing experience, highly recommended.",Positive,0.892143,0.592023
Instagram,Not satisfied with the performance.,Negative,-0.594441,0.967094
YouTube,Love the interface and performance.,Positive,0.844212,0.223113
Amazon Shopping,Works fine but can be better.,Neutral,0,0.499465
Swiggy,Works great especially for daily use.,Positive,0.81634,0.469206
Duolingo,Very helpful and easy to use.,Positive,0.68292,0.477619
Swiggy,"Not bad, just decent.",Neutral,0,0.180132
Amazon Shopping,Works great especially for daily use.,Positive,0.970623,0.838554
Google Maps,"Amazing experience, highly recommended.",Positive,0.448493,0.307469
Flipkart,Excellent app with useful features.,Positive,0.263252,0.424744
Adobe Acrobat Reader,Not satisfied with the performance.,Negative,-0.266243,0.475841
YouTube,Excellent app with useful features.,Positive,0.204895,0.92355
Netflix,,,,
Instagram,Poor user experience.,Negative,-0.36013,0.994146
Amazon Shopping,Love the interface and performance.,Positive,0.67642,0.953415
Instagram,Too many ads.,Negative,-0.598496,0.995951
Google Maps,Poor user experience.,Negative,-0.931474,0.811313
Swiggy,Very helpful and easy to use.,Positive,0.383046,0.807778
Instagram,Love the interface and performance.,Positive,0.783597,0.893119
Netflix,,,,
Netflix,Average experience overall.,Neutral,0,0.284248
Duolingo,Works great especially for daily use.,Positive,0.298725,0.645994
YouTube,Very helpful and easy to use.,Positive,0.489623,0.801937
Duolingo,,,,
Telegram,Very helpful and easy to use.,Positive,0.428166,0.573779
WhatsApp,Excellent app with useful features.,Positive,0.289123,0.955571
Amazon Shopping,Too many ads.,Negative,-0.307224,0.730344
WhatsApp,Love the interface and performance.,Positive,0.786752,0.986631
Instagram,Average experience overall.,Neutral,0,0.221448
Duolingo,Average experience overall.,Neutral,0,0.344643
10 Best Foods for You,Useful but has minor issues.,Neutral,0,0.289753
Amazon Shopping,Too many ads.,Negative,-0.357205,0.758538
10 Best Foods for You,"Amazing experience, highly recommended.",Positive,0.969853,0.861361
Duolingo,"It's okay, needs some improvements.",Neutral,0,0.293307
YouTube,Love the interface and performance.,Positive,0.602433,0.315861
Spotify,Works great especially for daily use.,Positive,0.904877,0.209452
Zomato,"It's okay, needs some improvements.",Neutral,0,0.357351
WhatsApp,Love the interface and performance.,Positive,0.429285,0.924002
Zomato,Too many ads.,Negative,-0.771308,0.941753
Flipkart,Love the interface and performance.,Positive,0.368213,0.628064
Flipkart,Love the interface and performance.,Positive,0.373954,0.763661
Netflix,Works fine but can be better.,Neutral,0,0.220462
Spotify,Love the interface and performance.,Positive,0.609994,0.404365
Netflix,Useful but has minor issues.,Neutral,0,0.38964
Spotify,Useful but has minor issues.,Neutral,0,0.13046
Flipkart,"Not bad, just decent.",Neutral,0,0.152327
Zomato,"Amazing experience, highly recommended.",Positive,0.386041,0.848179
Zomato,"Amazing experience, highly recommended.",Positive,0.768378,0.340024
Amazon Shopping,Average experience overall.,Neutral,0,0.396196
Amazon Shopping,Excellent app with useful features.,Positive,0.320758,0.290184
Telegram,"Amazing experience, highly recommended.",Positive,0.93596,0.325693
Swiggy,Not satisfied with the performance.,Negative,-0.219759,0.946908
WhatsApp,Very slow after the latest update.,Negative,-0.868865,0.331347
Adobe Acrobat Reader,,,,
Canva,Excellent app with useful features.,Positive,0.753332,0.508752
Google Maps,Excellent app with useful features.,Positive,0.606339,0.705103
Telegram,Poor user experience.,Negative,-0.356621,0.385192
Netflix,Very helpful and easy to use.,Positive,0.506973,0.274352
10 Best Foods for You,Love the interface and performance.,Positive,0.43149,0.45546
Canva,Love the interface and performance.,Positive,0.804094,0.828935
Duolingo,Useful but has minor issues.,Neutral,0,0.420757
Canva,Love the interface and performance.,Positive,0.453114,0.741025
Adobe Acrobat Reader,,,,
Canva,Poor user experience.,Negative,-0.248229,0.582994
Amazon Shopping,,,,
Zomato,Not satisfied with the performance.,Negative,-0.65873,0.883864
Flipkart,,,,
WhatsApp,,,,
Google Maps,"Not bad, just decent.",Neutral,0,0.234336
Adobe Acrobat Reader,,,,
Telegram,Excellent app with useful features.,Positive,0.767167,0.763264
Swiggy,Very helpful and easy to use.,Positive,0.201269,0.557617
Flipkart,Useful but has minor issues.,Neutral,0,0.234432
Spotify,Excellent app with useful features.,Positive,0.493827,0.649358
Canva,Very helpful and easy to use.,Positive,0.643169,0.502337
WhatsApp,Average experience overall.,Neutral,0,0.294207
Instagram,Love the interface and performance.,Positive,0.546759,0.644337
Swiggy,Love the interface and performance.,Positive,0.996005,0.728329
Instagram,Excellent app with useful features.,Positive,0.496797,0.67309
Amazon Shopping,Useful but has minor issues.,Neutral,0,0.327235
Google Maps,,,,
Spotify,Excellent app with useful features.,Positive,0.306161,0.904944
YouTube,Love the interface and performance.,Positive,0.66185,0.86483
Amazon Shopping,Excellent app with useful features.,Positive,0.642637,0.204675
Swiggy,App crashes frequently.,Negative,-0.294431,0.552845
Netflix,Poor user experience.,Negative,-0.562008,0.503551
Adobe Acrobat Reader,Very helpful and easy to use.,Positive,0.508077,0.347903
Adobe Acrobat Reader,Useful but has minor issues.,Neutral,0,0.172327
Adobe Acrobat Reader,Works great especially for daily use.,Positive,0.548594,0.341621
Amazon Shopping,Love the interface and performance.,Positive,0.670108,0.559423
YouTube,Too many ads.,Negative,-0.351095,0.556509
Swiggy,Works fine but can be better.,Neutral,0,0.440508
Flipkart,Works fine but can be better.,Neutral,0,0.317559
Netflix,Average experience overall.,Neutral,0,0.163164
Zomato,Useful but has minor issues.,Neutral,0,0.109031
WhatsApp,,,,
Telegram,Too many ads.,Negative,-0.630992,0.965447
Instagram,Works fine but can be better.,Neutral,0,0.523809
Instagram,Love the interface and performance.,Positive,0.688821,0.909939
Swiggy,Excellent app with useful features.,Positive,0.58838,0.72156
Swiggy,Very helpful and easy to use.,Positive,0.773661,0.392296
Amazon Shopping,Love the interface and performance.,Positive,0.939357,0.835873
Flipkart,,,,
Adobe Acrobat Reader,Love the interface and performance.,Positive,0.713184,0.802446
10 Best Foods for You,Excellent app with useful features.,Positive,0.688335,0.875072
Swiggy,App crashes frequently.,Negative,-0.716515,0.599183
WhatsApp,Average experience overall.,Neutral,0,0.573502
Zomato,Love the interface and performance.,Positive,0.308931,0.23508
Instagram,Very helpful and easy to use.,Positive,0.744388,0.203683
Instagram,"It's okay, needs some improvements.",Neutral,0,0.538628
Spotify,Very helpful and easy to use.,Positive,0.759301,0.381603
Telegram,"Amazing experience, highly recommended.",Positive,0.530563,0.644266
Canva,Works great especially for daily use.,Positive,0.676142,0.423223
Instagram,Excellent app with useful features.,Positive,0.967469,0.834425
Netflix,Very slow after the latest update.,Negative,-0.275704,0.867656
Adobe Acrobat Reader,"It's okay, needs some improvements.",Neutral,0,0.117761
Flipkart,,,,
Flipkart,"Not bad, just decent.",Neutral,0,0.21089
Amazon Shopping,Very slow after the latest update.,Negative,-0.126262,0.84857
WhatsApp,Works great especially for daily use.,Positive,0.469916,0.934717
Google Maps,Very helpful and easy to use.,Positive,0.983211,0.548337
WhatsApp,Love the interface and performance.,Positive,0.375224,0.774198
Duolingo,Not satisfied with the performance.,Negative,-0.824291,0.512548
Amazon Shopping,Very helpful and easy to use.,Positive,0.524714,0.31032
10 Best Foods for You,"Amazing experience, highly recommended.",Positive,0.94161,0.76375
Google Maps,Works fine but can be better.,Neutral,0,0.140031
Google Maps,Excellent app with useful features.,Positive,0.675253,0.632674
Flipkart,Excellent app with useful features.,Positive,0.594708,0.75987
WhatsApp,,,,
Spotify,Excellent app with useful features.,Positive,0.997425,0.57016
Netflix,Excellent app with useful features.,Positive,0.313859,0.844353
WhatsApp,"It's okay, needs some improvements.",Neutral,0,0.443369
Amazon Shopping,Love the interface and performance.,Positive,0.496759,0.387046
Zomato,Excellent app with useful features.,Positive,0.74607,0.998569
Swiggy,"Amazing experience, highly recommended.",Positive,0.920894,0.827947
Swiggy,App crashes frequently.,Negative,-0.990482,0.901952
YouTube,App crashes frequently.,Negative,-0.712443,0.536082
Zomato,Very helpful and easy to use.,Positive,0.97329,0.723741
Telegram,Love the interface and performance.,Positive,0.471827,0.550449
10 Best Foods for You,"Amazing experience, highly recommended.",Positive,0.763348,0.87562
Instagram,Very helpful and easy to use.,Positive,0.766638,0.67191
Flipkart,App crashes frequently.,Negative,-0.95667,0.987797
Duolingo,Works fine but can be better.,Neutral,0,0.486431
10 Best Foods for You,App crashes frequently.,Negative,-0.997296,0.543747
10 Best Foods for You,Love the interface and performance.,Positive,0.68926,0.977843
Duolingo,Love the interface and performance.,Positive,0.927886,0.964329
Telegram,Average experience overall.,Neutral,0,0.579922
Flipkart,Works fine but can be better.,Neutral,0,0.443012
Flipkart,Excellent app with useful features.,Positive,0.226606,0.526046
Instagram,Excellent app with useful features.,Positive,0.518227,0.542779
Swiggy,Excellent app with useful features.,Positive,0.637388,0.773703
Instagram,Average experience overall.,Neutral,0,0.598058
Netflix,Average experience overall.,Neutral,0,0.431106
Spotify,Very helpful and easy to use.,Positive,0.88951,0.216409
Google Maps,Works great especially for daily use.,Positive,0.467339,0.20644
Amazon Shopping,"It's okay, needs some improvements.",Neutral,0,0.346615
Google Maps,"Amazing experience, highly recommended.",Positive,0.346916,0.284614
Netflix,Works great especially for daily use.,Positive,0.729193,0.658146
YouTube,Works fine but can be better.,Neutral,0,0.265515
Adobe Acrobat Reader,"It's okay, needs some improvements.",Neutral,0,0.385659
Telegram,Excellent app with useful features.,Positive,0.484936,0.204495
YouTube,"Amazing experience, highly recommended.",Positive,0.608349,0.394381
Amazon Shopping,"Amazing experience, highly recommended.",Positive,0.514066,0.375955
Amazon Shopping,Very helpful and easy to use.,Positive,0.96615,0.938824
Instagram,Not satisfied with the performance.,Negative,-0.499165,0.987415
Instagram,Works great especially for daily use.,Positive,0.270181,0.674735
Spotify,"Amazing experience, highly recommended.",Positive,0.237141,0.962601
Canva,Average experience overall.,Neutral,0,0.49867
Swiggy,Very helpful and easy to use.,Positive,0.616529,0.26219
Instagram,Not satisfied with the performance.,Negative,-0.886526,0.935132
Adobe Acrobat Reader,Works great especially for daily use.,Positive,0.38052,0.801547
10 Best Foods for You,Works great especially for daily use.,Positive,0.27918,0.836209
WhatsApp,Love the interface and performance.,Positive,0.828541,0.617803
Swiggy,Very helpful and easy to use.,Positive,0.652435,0.546988
YouTube,Love the interface and performance.,Positive,0.497143,0.64019
Adobe Acrobat Reader,Not satisfied with the performance.,Negative,-0.325338,0.783187
Instagram,"Not bad, just decent.",Neutral,0,0.378006
10 Best Foods for You,Works fine but can be better.,Neutral,0,0.558584
Instagram,Useful but has minor issues.,Neutral,0,0.52904
Adobe Acrobat Reader,Works great especially for daily use.,Positive,0.606816,0.665508
Swiggy,Very helpful and easy to use.,Positive,0.969156,0.448793
10 Best Foods for You,Very slow after the latest update.,Negative,-0.848691,0.827795
Amazon Shopping,,,,
Amazon Shopping,Useful but has minor issues.,Neutral,0,0.16373
Swiggy,Works great especially for daily use.,Positive,0.247328,0.270944
Duolingo,Works great especially for daily use.,Positive,0.784914,0.939644
Zomato,"Amazing experience, highly recommended.",Positive,0.97915,0.965247
Spotify,Excellent app with useful features.,Positive,0.738501,0.788575
WhatsApp,,,,
10 Best Foods for You,Too many ads.,Negative,-0.156606,0.787115
Canva,"Amazing experience, highly recommended.",Positive,0.598422,0.880389
Amazon Shopping,Very helpful and easy to use.,Positive,0.774282,0.233143
YouTube,"Amazing experience, highly recommended.",Positive,0.468372,0.237628
Duolingo,Excellent app with useful features.,Positive,0.475547,0.834438
Canva,"Amazing experience, highly recommended.",Positive,0.484687,0.922475
Adobe Acrobat Reader,Excellent app with useful features.,Positive,0.74703,0.721409
Spotify,"It's okay, needs some improvements.",Neutral,0,0.334838
Google Maps,Works great especially for daily use.,Positive,0.665632,0.964629
Canva,Works fine but can be better.,Neutral,0,0.223971
WhatsApp,Love the interface and performance.,Positive,0.509679,0.329762
Spotify,App crashes frequently.,Negative,-0.62218,0.309794
10 Best Foods for You,Very helpful and easy to use.,Positive,0.975071,0.534147
Swiggy,App crashes frequently.,Negative,-0.655152,0.790298
Swiggy,"Amazing experience, highly recommended.",Positive,0.489641,0.248356
Spotify,Works fine but can be better.,Neutral,0,0.250252
10 Best Foods for You,Works great especially for daily use.,Positive,0.747886,0.683727
Canva,Very helpful and easy to use.,Positive,0.206829,0.717779
Google Maps,Works great especially for daily use.,Positive,0.508272,0.547072
Zomato,Works great especially for daily use.,Positive,0.404581,0.828664
Telegram,Works fine but can be better.,Neutral,0,0.570419
Netflix,Works great especially for daily use.,Positive,0.281129,0.61175
Netflix,Not satisfied with the performance.,Negative,-0.338543,0.9644
Spotify,Useful but has minor issues.,Neutral,0,0.565153
Amazon Shopping,"It's okay, needs some improvements.",Neutral,0,0.429008
Spotify,Works great especially for daily use.,Positive,0.647764,0.843998
Swiggy,Too many ads.,Negative,-0.147489,0.981876
Amazon Shopping,Works fine but can be better.,Neutral,0,0.365814
Canva,App crashes frequently.,Negative,-0.271975,0.46862
Adobe Acrobat Reader,Love the interface and performance.,Positive,0.599607,0.222392
WhatsApp,Poor user experience.,Negative,-0.175476,0.694601
Duolingo,"Not bad, just decent.",Neutral,0,0.393413
Swiggy,Too many ads.,Negative,-0.14771,0.552345
Canva,Very helpful and easy to use.,Positive,0.514422,0.944955
Spotify,Excellent app with useful features.,Positive,0.544726,0.924756
Amazon Shopping,Very helpful and easy to use.,Positive,0.217701,0.758193
10 Best Foods for You,Not satisfied with the performance.,Negative,-0.174641,0.514445
Adobe Acrobat Reader,"Amazing experience, highly recommended.",Positive,0.676756,0.458477
Flipkart,"Amazing experience, highly recommended.",Positive,0.345379,0.882759
Canva,,,,
Zomato,Very helpful and easy to use.,Positive,0.821536,0.670801
Adobe Acrobat Reader,Very helpful and easy to use.,Positive,0.242111,0.734158
Duolingo,Works great especially for daily use.,Positive,0.834111,0.325931
Google Maps,Very helpful and easy to use.,Positive,0.908905,0.370793
YouTube,Works great especially for daily use.,Positive,0.726228,0.566318
Adobe Acrobat Reader,"It's okay, needs some improvements.",Neutral,0,0.114994
Telegram,Love the interface and performance.,Positive,0.857561,0.935802
Amazon Shopping,Love the interface and performance.,Positive,0.557307,0.93292
Netflix,Very helpful and easy to use.,Positive,0.852516,0.726353
WhatsApp,Love the interface and performance.,Positive,0.838008,0.407809
Zomato,Poor user experience.,Negative,-0.956252,0.648054
Telegram,App crashes frequently.,Negative,-0.377649,0.587645
Flipkart,Average experience overall.,Neutral,0,0.552469
Instagram,"Amazing experience, highly recommended.",Positive,0.745575,0.52539
Canva,Excellent app with useful features.,Positive,0.716564,0.237313
YouTube,Works great especially for daily use.,Positive,0.850937,0.945943
Adobe Acrobat Reader,,,,
Swiggy,"It's okay, needs some improvements.",Neutral,0,0.118183
Swiggy,Very slow after the latest update.,Negative,-0.343461,0.345999
Amazon Shopping,Average experience overall.,Neutral,0,0.159958
10 Best Foods for You,Love the interface and performance.,Positive,0.75384,0.298734
Swiggy,Excellent app with useful features.,Positive,0.595502,0.331583
10 Best Foods for You,Love the interface and performance.,Positive,0.476691,0.76735
Netflix,Excellent app with useful features.,Positive,0.680746,0.34919
WhatsApp,Works great especially for daily use.,Positive,0.475176,0.775309
Spotify,Very slow after the latest update.,Negative,-0.18141,0.403851
Amazon Shopping,"Not bad, just decent.",Neutral,0,0.21342
Spotify,Love the interface and performance.,Positive,0.339445,0.429864
Zomato,Average experience overall.,Neutral,0,0.490929
Canva,Excellent app with useful features.,Positive,0.605821,0.977594
Instagram,Not satisfied with the performance.,Negative,-0.121489,0.331893
Amazon Shopping,Excellent app with useful features.,Positive,0.811593,0.845541
Zomato,Excellent app with useful features.,Positive,0.211328,0.299745
Google Maps,Useful but has minor issues.,Neutral,0,0.211131
Netflix,Average experience overall.,Neutral,0,0.453043
Zomato,"Not bad, just decent.",Neutral,0,0.561521
YouTube,Poor user experience.,Negative,-0.569371,0.527018
YouTube,Works great especially for daily use.,Positive,0.985722,0.985977
Amazon Shopping,Not satisfied with the performance.,Negative,-0.984801,0.374291
Spotify,Too many ads.,Negative,-0.495808,0.769247
WhatsApp,Average experience overall.,Neutral,0,0.189319
Flipkart,Love the interface and performance.,Positive,0.994322,0.470027
Flipkart,Very slow after the latest update.,Negative,-0.250195,0.744802
WhatsApp,"It's okay, needs some improvements.",Neutral,0,0.527542
Adobe Acrobat Reader,"Amazing experience, highly recommended.",Positive,0.420624,0.862139
10 Best Foods for You,Love the interface and performance.,Positive,0.959822,0.817736
Telegram,Excellent app with useful features.,Positive,0.375801,0.508293
Google Maps,Very helpful and easy to use.,Positive,0.731176,0.383391
Zomato,"Not bad, just decent.",Neutral,0,0.131629
WhatsApp,Very helpful and easy to use.,Positive,0.454736,0.654942
YouTube,"It's okay, needs some improvements.",Neutral,0,0.284144
Google Maps,Excellent app with useful features.,Positive,0.652981,0.93465
Flipkart,Love the interface and performance.,Positive,0.946676,0.273059
WhatsApp,Not satisfied with the performance.,Negative,-0.711064,0.682985
Flipkart,Excellent app with useful features.,Positive,0.848963,0.214528
Amazon Shopping,Excellent app with useful features.,Positive,0.256897,0.893502
Instagram,"It's okay, needs some improvements.",Neutral,0,0.174836
Adobe Acrobat Reader,"Amazing experience, highly recommended.",Positive,0.92475,0.696243
Instagram,"Not bad, just decent.",Neutral,0,0.118168
Netflix,"Amazing experience, highly recommended.",Positive,0.59244,0.587098
Adobe Acrobat Reader,Very slow after the latest update.,Negative,-0.881334,0.756424
Telegram,Very helpful and easy to use.,Positive,0.756362,0.971068
Netflix,"Not bad, just decent.",Neutral,0,0.276208
Zomato,Love the interface and performance.,Positive,0.920087,0.758627
Duolingo,"Not bad, just decent.",Neutral,0,0.264408
Canva,,,,
Netflix,Works fine but can be better.,Neutral,0,0.190845
Adobe Acrobat Reader,Love the interface and performance.,Positive,0.255402,0.873732
YouTube,Works fine but can be better.,Neutral,0,0.596594
Spotify,Works fine but can be better.,Neutral,0,0.339969
WhatsApp,,,,
Amazon Shopping,"Amazing experience, highly recommended.",Positive,0.444936,0.635804
YouTube,Love the interface and performance.,Positive,0.558261,0.560111
Duolingo,Works great especially for daily use.,Positive,0.508526,0.478047
WhatsApp,Very helpful and easy to use.,Positive,0.226421,0.525365
Flipkart,Works great especially for daily use.,Positive,0.230108,0.791292
Duolingo,"Not bad, just decent.",Neutral,0,0.32069
Adobe Acrobat Reader,Very helpful and easy to use.,Positive,0.309883,0.756756
Canva,Very helpful and easy to use.,Positive,0.674852,0.775213
Amazon Shopping,Love the interface and performance.,Positive,0.328882,0.53082
Canva,Excellent app with useful features.,Positive,0.88266,0.691265
Swiggy,Useful but has minor issues.,Neutral,0,0.481725
Spotify,Poor user experience.,Negative,-0.408287,0.47361
Flipkart,Too many ads.,Negative,-0.329204,0.515174
Duolingo,Works fine but can be better.,Neutral,0,0.405993
Google Maps,Average experience overall.,Neutral,0,0.476491
Canva,Too many ads.,Negative,-0.751791,0.615623
Canva,"Amazing experience, highly recommended.",Positive,0.411035,0.62066
Telegram,Average experience overall.,Neutral,0,0.173052
10 Best Foods for You,Works great especially for daily use.,Positive,0.684351,0.581622
Swiggy,Love the interface and performance.,Positive,0.714036,0.905869
Spotify,Works great especially for daily use.,Positive,0.326155,0.973871
Swiggy,Excellent app with useful features.,Positive,0.753018,0.292115
Instagram,Very helpful and easy to use.,Positive,0.91939,0.614858
Canva,"Not bad, just decent.",Neutral,0,0.285272
Instagram,Works great especially for daily use.,Positive,0.229834,0.208129
Duolingo,Very helpful and easy to use.,Positive,0.505201,0.251271
WhatsApp,Excellent app with useful features.,Positive,0.313148,0.789837
Flipkart,Average experience overall.,Neutral,0,0.466919
Instagram,Very helpful and easy to use.,Positive,0.623012,0.675924
Canva,"Amazing experience, highly recommended.",Positive,0.971074,0.644302
Google Maps,Love the interface and performance.,Positive,0.687587,0.955505
Duolingo,Works great especially for daily use.,Positive,0.4075,0.461805
Google Maps,Love the interface and performance.,Positive,0.640584,0.238446
Canva,"Amazing experience, highly recommended.",Positive,0.326057,0.736599
Amazon Shopping,,,,
Canva,Works great especially for daily use.,Positive,0.412099,0.36633
Adobe Acrobat Reader,,,,
Canva,"Not bad, just decent.",Neutral,0,0.352217
WhatsApp,Useful but has minor issues.,Neutral,0,0.515598
10 Best Foods for You,Too many ads.,Negative,-0.36032,0.92803
Spotify,Love the interface and performance.,Positive,0.967411,0.322393
YouTube,"Not bad, just decent.",Neutral,0,0.319077
Duolingo,Excellent app with useful features.,Positive,0.441678,0.873178
10 Best Foods for You,Very helpful and easy to use.,Positive,0.957799,0.330696
Zomato,Poor user experience.,Negative,-0.648241,0.426822
YouTube,Very slow after the latest update.,Negative,-0.820927,0.393434
Amazon Shopping,Works great especially for daily use.,Positive,0.212993,0.464151
Spotify,Excellent app with useful features.,Positive,0.383777,0.375568
Duolingo,Excellent app with useful features.,Positive,0.736262,0.542221
Instagram,"Not bad, just decent.",Neutral,0,0.527951
Amazon Shopping,Works fine but can be better.,Neutral,0,0.475452
Flipkart,Average experience overall.,Neutral,0,0.238997
Flipkart,Works great especially for daily use.,Positive,0.928188,0.787773
Netflix,Average experience overall.,Neutral,0,0.217494
Canva,Very slow after the latest update.,Negative,-0.958,0.678129
Instagram,Not satisfied with the performance.,Negative,-0.271451,0.858014
Swiggy,Works great especially for daily use.,Positive,0.966089,0.729534
Amazon Shopping,App crashes frequently.,Negative,-0.604588,0.915072
Google Maps,Love the interface and performance.,Positive,0.570056,0.82095
Adobe Acrobat Reader,"Amazing experience, highly recommended.",Positive,0.456892,0.40836
Adobe Acrobat Reader,Average experience overall.,Neutral,0,0.56283
10 Best Foods for You,Average experience overall.,Neutral,0,0.368411
Swiggy,"Not bad, just decent.",Neutral,0,0.414461
Flipkart,Very slow after the latest update.,Negative,-0.860003,0.719158
YouTube,Works fine but can be better.,Neutral,0,0.292639
YouTube,Useful but has minor issues.,Neutral,0,0.462354
Amazon Shopping,Works great especially for daily use.,Positive,0.561096,0.815537
Adobe Acrobat Reader,Excellent app with useful features.,Positive,0.268762,0.237717
Netflix,Works great especially for daily use.,Positive,0.757511,0.986016
Netflix,Not satisfied with the performance.,Negative,-0.955003,0.941432
Swiggy,Poor user experience.,Negative,-0.737787,0.325238
Telegram,Very helpful and easy to use.,Positive,0.282855,0.9773
Spotify,Love the interface and performance.,Positive,0.454672,0.9086
YouTube,Works great especially for daily use.,Positive,0.313684,0.593784
Google Maps,Love the interface and performance.,Positive,0.563523,0.33084
Flipkart,Excellent app with useful features.,Positive,0.500544,0.501507
Flipkart,"Amazing experience, highly recommended.",Positive,0.879998,0.353886
Canva,Love the interface and performance.,Positive,0.853163,0.361885
Duolingo,Excellent app with useful features.,Positive,0.443787,0.872494
Instagram,Very helpful and easy to use.,Positive,0.209395,0.5717
YouTube,Not satisfied with the performance.,Negative,-0.385195,0.836169
Telegram,Works fine but can be better.,Neutral,0,0.194733
Telegram,Works great especially for daily use.,Positive,0.517809,0.707729
Canva,Too many ads.,Negative,-0.627297,0.487605
Instagram,Works great especially for daily use.,Positive,0.328014,0.486954
Amazon Shopping,,,,
Adobe Acrobat Reader,Excellent app with useful features.,Positive,0.313408,0.683669
10 Best Foods for You,Works great especially for daily use.,Positive,0.320728,0.42867
Adobe Acrobat Reader,Poor user experience.,Negative,-0.80347,0.406144
Flipkart,Useful but has minor issues.,Neutral,0,0.301112
Google Maps,Average experience overall.,Neutral,0,0.422876
Amazon Shopping,Average experience overall.,Neutral,0,0.121373
Google Maps,Useful but has minor issues.,Neutral,0,0.357186
Telegram,Works great especially for daily use.,Positive,0.36381,0.285575
Telegram,App crashes frequently.,Negative,-0.75465,0.674103
Zomato,App crashes frequently.,Negative,-0.26297,0.358596
Zomato,Very slow after the latest update.,Negative,-0.2961,0.560479
Duolingo,App crashes frequently.,Negative,-0.359894,0.676828
Zomato,"Amazing experience, highly recommended.",Positive,0.993147,0.438363
10 Best Foods for You,Love the interface and performance.,Positive,0.461373,0.645018
10 Best Foods for You,Very slow after the latest update.,Negative,-0.246545,0.771604
10 Best Foods for You,Love the interface and performance.,Positive,0.932453,0.598262
Telegram,Very helpful and easy to use.,Positive,0.616625,0.820751
Google Maps,"Amazing experience, highly recommended.",Positive,0.799147,0.820057
Adobe Acrobat Reader,Average experience overall.,Neutral,0,0.248097
Amazon Shopping,"Amazing experience, highly recommended.",Positive,0.846931,0.343237
Canva,Excellent app with useful features.,Positive,0.236378,0.330476
Duolingo,"It's okay, needs some improvements.",Neutral,0,0.240702
Instagram,Not satisfied with the performance.,Negative,-0.304763,0.790012
Adobe Acrobat Reader,Poor user experience.,Negative,-0.861918,0.832246
Spotify,Too many ads.,Negative,-0.482169,0.668792
Telegram,"It's okay, needs some improvements.",Neutral,0,0.467678
10 Best Foods for You,Poor user experience.,Negative,-0.631161,0.81625
WhatsApp,Excellent app with useful features.,Positive,0.478268,0.357367
Amazon Shopping,"Amazing experience, highly recommended.",Positive,0.350842,0.277089
Flipkart,Works great especially for daily use.,Positive,0.416122,0.909037
Swiggy,Works fine but can be better.,Neutral,0,0.376575
Amazon Shopping,Useful but has minor issues.,Neutral,0,0.185458
YouTube,"It's okay, needs some improvements.",Neutral,0,0.325551
Netflix,"Amazing experience, highly recommended.",Positive,0.805029,0.94685
Zomato,Average experience overall.,Neutral,0,0.541007
Netflix,Works great especially for daily use.,Positive,0.371592,0.586922
Swiggy,Excellent app with useful features.,Positive,0.906618,0.97078
Swiggy,"Not bad, just decent.",Neutral,0,0.188517
Instagram,Very helpful and easy to use.,Positive,0.972106,0.286928
Adobe Acrobat Reader,Average experience overall.,Neutral,0,0.200563
Canva,Love the interface and performance.,Positive,0.879319,0.784872
Canva,Love the interface and performance.,Positive,0.782658,0.250641
Instagram,App crashes frequently.,Negative,-0.634545,0.926957
Instagram,"Not bad, just decent.",Neutral,0,0.477759
WhatsApp,Excellent app with useful features.,Positive,0.707843,0.947466
Netflix,Works fine but can be better.,Neutral,0,0.223681
Adobe Acrobat Reader,"Amazing experience, highly recommended.",Positive,0.965218,0.293423
Swiggy,Love the interface and performance.,Positive,0.535199,0.882583
Telegram,Works fine but can be better.,Neutral,0,0.430371
Amazon Shopping,Works great especially for daily use.,Positive,0.761196,0.501496
WhatsApp,"Amazing experience, highly recommended.",Positive,0.810975,0.689308
Flipkart,Very helpful and easy to use.,Positive,0.558574,0.446438
Netflix,Very slow after the latest update.,Negative,-0.690914,0.456461
Duolingo,"It's okay, needs some improvements.",Neutral,0,0.481998
WhatsApp,Love the interface and performance.,Positive,0.21798,0.414494
Instagram,"Not bad, just decent.",Neutral,0,0.395133
Duolingo,Love the interface and performance.,Positive,0.517086,0.217275
10 Best Foods for You,Very helpful and easy to use.,Positive,0.748801,0.598424
Netflix,Useful but has minor issues.,Neutral,0,0.242113
Duolingo,Love the interface and performance.,Positive,0.841586,0.877584
Adobe Acrobat Reader,"Amazing experience, highly recommended.",Positive,0.61519,0.703931
Canva,Love the interface and performance.,Positive,0.285454,0.504657
YouTube,Very helpful and easy to use.,Positive,0.45283,0.833868
Amazon Shopping,"Amazing experience, highly recommended.",Positive,0.900671,0.461334
Amazon Shopping,App crashes frequently.,Negative,-0.852376,0.397679
Instagram,,,,
Google Maps,"It's okay, needs some improvements.",Neutral,0,0.109039
Netflix,Very helpful and easy to use.,Positive,0.486855,0.2835
Canva,,,,
Swiggy,Excellent app with useful features.,Positive,0.463904,0.444097
Zomato,Love the interface and performance.,Positive,0.789515,0.409529
Zomato,Very helpful and easy to use.,Positive,0.532795,0.892395
10 Best Foods for You,Too many ads.,Negative,-0.176321,0.33307
Canva,,,,
Flipkart,"Not bad, just decent.",Neutral,0,0.150911
Swiggy,Works great especially for daily use.,Positive,0.21383,0.974593
Flipkart,Very helpful and easy to use.,Positive,0.813803,0.353266
Instagram,Works fine but can be better.,Neutral,0,0.315997
Spotify,"It's okay, needs some improvements.",Neutral,0,0.426814
Netflix,Excellent app with useful features.,Positive,0.224984,0.704819
Canva,App crashes frequently.,Negative,-0.957155,0.489968
Duolingo,Very slow after the latest update.,Negative,-0.458692,0.9567
Google Maps,"Not bad, just decent.",Neutral,0,0.379313
Swiggy,Very slow after the latest update.,Negative,-0.729205,0.327034
Amazon Shopping,Very helpful and easy to use.,Positive,0.928129,0.689025
Google Maps,"Amazing experience, highly recommended.",Positive,0.814495,0.347389
Zomato,Works fine but can be better.,Neutral,0,0.217956
Swiggy,"Not bad, just decent.",Neutral,0,0.496564
Duolingo,"Amazing experience, highly recommended.",Positive,0.442859,0.430859
YouTube,Love the interface and performance.,Positive,0.549659,0.336578
Zomato,Works great especially for daily use.,Positive,0.450032,0.591279
Adobe Acrobat Reader,Very helpful and easy to use.,Positive,0.374529,0.332979
Zomato,Excellent app with useful features.,Positive,0.792818,0.515509
Telegram,Excellent app with useful features.,Positive,0.943437,0.823306
Canva,"Not bad, just decent.",Neutral,0,0.347327
Google Maps,Love the interface and performance.,Positive,0.785205,0.693988
Netflix,Useful but has minor issues.,Neutral,0,0.262362
Amazon Shopping,Very helpful and easy to use.,Positive,0.311954,0.887374
Adobe Acrobat Reader,Too many ads.,Negative,-0.559672,0.730463
Instagram,Excellent app with useful features.,Positive,0.623274,0.709386
Flipkart,"Amazing experience, highly recommended.",Positive,0.563286,0.415396
Canva,Works fine but can be better.,Neutral,0,0.486189
Duolingo,Very helpful and easy to use.,Positive,0.289708,0.831577
Instagram,Love the interface and performance.,Positive,0.56757,0.407966
Zomato,Very helpful and easy to use.,Positive,0.385094,0.608436
10 Best Foods for You,Works great especially for daily use.,Positive,0.537028,0.899078
Adobe Acrobat Reader,Love the interface and performance.,Positive,0.934755,0.984322
Google Maps,Love the interface and performance.,Positive,0.627958,0.340066
Swiggy,Works great especially for daily use.,Positive,0.583935,0.580174
10 Best Foods for You,Works great especially for daily use.,Positive,0.452776,0.250076
Amazon Shopping,"Not bad, just decent.",Neutral,0,0.263357
Telegram,Works great especially for daily use.,Positive,0.586105,0.844622
Netflix,Excellent app with useful features.,Positive,0.484992,0.748447
Canva,Poor user experience.,Negative,-0.92114,0.635434
WhatsApp,"Amazing experience, highly recommended.",Positive,0.67108,0.252244
Duolingo,Average experience overall.,Neutral,0,0.39383
Spotify,"Amazing experience, highly recommended.",Positive,0.409594,0.924828
10 Best Foods for You,Excellent app with useful features.,Positive,0.751595,0.289732
Netflix,Works great especially for daily use.,Positive,0.661952,0.625033
Canva,Works fine but can be better.,Neutral,0,0.181863
WhatsApp,Love the interface and performance.,Positive,0.432408,0.429992
Telegram,Love the interface and performance.,Positive,0.821183,0.438033
YouTube,Useful but has minor issues.,Neutral,0,0.462099
Spotify,Very helpful and easy to use.,Positive,0.859108,0.911866
Flipkart,Love the interface and performance.,Positive,0.301135,0.61465
Adobe Acrobat Reader,Works great especially for daily use.,Positive,0.257166,0.796154
Instagram,"It's okay, needs some improvements.",Neutral,0,0.510001
Duolingo,Love the interface and performance.,Positive,0.925843,0.561483
Adobe Acrobat Reader,Not satisfied with the performance.,Negative,-0.523791,0.941133
Duolingo,Works fine but can be better.,Neutral,0,0.497403
Canva,Average experience overall.,Neutral,0,0.361536
Google Maps,Works great especially for daily use.,Positive,0.780896,0.710556
Canva,"Amazing experience, highly recommended.",Positive,0.879137,0.291262
Adobe Acrobat Reader,"Not bad, just decent.",Neutral,0,0.517146
Adobe Acrobat Reader,Not satisfied with the performance.,Negative,-0.989779,0.874746
WhatsApp,Useful but has minor issues.,Neutral,0,0.415138
Amazon Shopping,Love the interface and performance.,Positive,0.237595,0.452498
Netflix,Not satisfied with the performance.,Negative,-0.813047,0.876179
Flipkart,Works fine but can be better.,Neutral,0,0.472257
Netflix,"Not bad, just decent.",Neutral,0,0.580592
10 Best Foods for You,Average experience overall.,Neutral,0,0.163268
Google Maps,,,,
WhatsApp,Love the interface and performance.,Positive,0.263856,0.398896
Zomato,Poor user experience.,Negative,-0.723364,0.752423
Flipkart,"Amazing experience, highly recommended.",Positive,0.23381,0.247257
Netflix,Excellent app with useful features.,Positive,0.884468,0.773743
10 Best Foods for You,Works great especially for daily use.,Positive,0.439469,0.771707
Canva,Not satisfied with the performance.,Negative,-0.55343,0.56538
Google Maps,Works great especially for daily use.,Positive,0.752166,0.607726
Spotify,Very helpful and easy to use.,Positive,0.393596,0.694946
WhatsApp,,,,
Flipkart,Poor user experience.,Negative,-0.918687,0.743008
Duolingo,Very helpful and easy to use.,Positive,0.888619,0.856329
Canva,Very helpful and easy to use.,Positive,0.477374,0.901777
Adobe Acrobat Reader,Love the interface and performance.,Positive,0.23407,0.307219
Netflix,Works great especially for daily use.,Positive,0.565549,0.884208
Netflix,Poor user experience.,Negative,-0.631127,0.540181
Canva,"Amazing experience, highly recommended.",Positive,0.84579,0.40514
Zomato,Excellent app with useful features.,Positive,0.914641,0.698761
WhatsApp,Very slow after the latest update.,Negative,-0.698714,0.910535
Telegram,Very helpful and easy to use.,Positive,0.234283,0.498644
Adobe Acrobat Reader,,,,
Telegram,"Amazing experience, highly recommended.",Positive,0.984103,0.206618
Amazon Shopping,Works great especially for daily use.,Positive,0.946902,0.607288
Adobe Acrobat Reader,Very helpful and easy to use.,Positive,0.56263,0.623095
Spotify,Works great especially for daily use.,Positive,0.941252,0.660276
Spotify,"Amazing experience, highly recommended.",Positive,0.408102,0.804937
Swiggy,"It's okay, needs some improvements.",Neutral,0,0.384834
Amazon Shopping,Works fine but can be better.,Neutral,0,0.569242
Netflix,Very helpful and easy to use.,Positive,0.803519,0.480484
Zomato,Works fine but can be better.,Neutral,0,0.368819
Swiggy,"It's okay, needs some improvements.",Neutral,0,0.326756
Swiggy,"Not bad, just decent.",Neutral,0,0.503022
Netflix,"Not bad, just decent.",Neutral,0,0.519572
Zomato,"It's okay, needs some improvements.",Neutral,0,0.201548
Canva,"It's okay, needs some improvements.",Neutral,0,0.353629
Canva,Very helpful and easy to use.,Positive,0.96944,0.377956
Canva,"Amazing experience, highly recommended.",Positive,0.559606,0.86352
Adobe Acrobat Reader,Excellent app with useful features.,Positive,0.698151,0.290174
Flipkart,"Not bad, just decent.",Neutral,0,0.584662
Amazon Shopping,Very helpful and easy to use.,Positive,0.411606,0.333487
10 Best Foods for You,Works great especially for daily use.,Positive,0.889885,0.386115
Adobe Acrobat Reader,Works fine but can be better.,Neutral,0,0.325105
Amazon Shopping,,,,
YouTube,"Amazing experience, highly recommended.",Positive,0.751574,0.871093
Duolingo,Very helpful and easy to use.,Positive,0.496985,0.824626
Zomato,Love the interface and performance.,Positive,0.586177,0.692901
Adobe Acrobat Reader,Very slow after the latest update.,Negative,-0.324412,0.68079
Instagram,,,,
WhatsApp,"Amazing experience, highly recommended.",Positive,0.986371,0.89244
Spotify,Very helpful and easy to use.,Positive,0.262503,0.596807
Duolingo,Excellent app with useful features.,Positive,0.412012,0.912059
Telegram,Excellent app with useful features.,Positive,0.286306,0.86275
10 Best Foods for You,,,,
Duolingo,"Amazing experience, highly recommended.",Positive,0.37209,0.579913
Amazon Shopping,Works great especially for daily use.,Positive,0.244872,0.943974
YouTube,,,,
Spotify,"Not bad, just decent.",Neutral,0,0.546631
Google Maps,Very helpful and easy to use.,Positive,0.357275,0.966749
Spotify,,,,
Flipkart,"It's okay, needs some improvements.",Neutral,0,0.129966
Instagram,Love the interface and performance.,Positive,0.972557,0.220797
Instagram,Works great especially for daily use.,Positive,0.802108,0.227686
Instagram,Works great especially for daily use.,Positive,0.632429,0.50454
10 Best Foods for You,Excellent app with useful features.,Positive,0.724069,0.596491
Amazon Shopping,Works fine but can be better.,Neutral,0,0.258107
Swiggy,"Amazing experience, highly recommended.",Positive,0.833878,0.999035
Adobe Acrobat Reader,Excellent app with useful features.,Positive,0.579169,0.205031
Duolingo,Works great especially for daily use.,Positive,0.860042,0.807661
Duolingo,Very slow after the latest update.,Negative,-0.8347,0.400957
Telegram,Works great especially for daily use.,Positive,0.371739,0.670171
YouTube,App crashes frequently.,Negative,-0.474993,0.513564
Zomato,Average experience overall.,Neutral,0,0.287914
10 Best Foods for You,Very helpful and easy to use.,Positive,0.452645,0.379719
Amazon Shopping,"Amazing experience, highly recommended.",Positive,0.682142,0.440086
Netflix,,,,
Telegram,Too many ads.,Negative,-0.474088,0.545529
Google Maps,,,,
Adobe Acrobat Reader,Works fine but can be better.,Neutral,0,0.577541
Netflix,Average experience overall.,Neutral,0,0.502712
Netflix,Too many ads.,Negative,-0.340744,0.861634
Swiggy,"Amazing experience, highly recommended.",Positive,0.832931,0.926641
Netflix,"Amazing experience, highly recommended.",Positive,0.503495,0.24703
10 Best Foods for You,"Amazing experience, highly recommended.",Positive,0.407054,0.608937
Canva,"It's okay, needs some improvements.",Neutral,0,0.58836
Adobe Acrobat Reader,Love the interface and performance.,Positive,0.877097,0.304504
Google Maps,Love the interface and performance.,Positive,0.789582,0.811273
Swiggy,Very slow after the latest update.,Negative,-0.646266,0.973363
Telegram,Very helpful and easy to use.,Positive,0.983718,0.422882
Duolingo,Excellent app with useful features.,Positive,0.603336,0.293815
Spotify,Very helpful and easy to use.,Positive,0.545355,0.318427
Zomato,,,,
Adobe Acrobat Reader,"Amazing experience, highly recommended.",Positive,0.749055,0.794035
Zomato,,,,
Swiggy,Very slow after the latest update.,Negative,-0.998219,0.314435
Netflix,Very helpful and easy to use.,Positive,0.795021,0.995251
Instagram,Excellent app with useful features.,Positive,0.202687,0.616874
YouTube,App crashes frequently.,Negative,-0.77309,0.584336
10 Best Foods for You,,,,
Zomato,Works great especially for daily use.,Positive,0.85632,0.311091
Instagram,Love the interface and performance.,Positive,0.738603,0.956057
Spotify,Useful but has minor issues.,Neutral,0,0.122365
10 Best Foods for You,Works fine but can be better.,Neutral,0,0.371663
Zomato,Not satisfied with the performance.,Negative,-0.617268,0.999982
Google Maps,Love the interface and performance.,Positive,0.852749,0.977953
Netflix,"Amazing experience, highly recommended.",Positive,0.294993,0.277425
Zomato,Excellent app with useful features.,Positive,0.618713,0.26813
Adobe Acrobat Reader,Very helpful and easy to use.,Positive,0.755442,0.463781
Amazon Shopping,Too many ads.,Negative,-0.864927,0.31272
Telegram,"It's okay, needs some improvements.",Neutral,0,0.134207
Canva,"Amazing experience, highly recommended.",Positive,0.528893,0.557182
Google Maps,Works fine but can be better.,Neutral,0,0.241692
Swiggy,Poor user experience.,Negative,-0.602545,0.80128
Adobe Acrobat Reader,Excellent app with useful features.,Positive,0.848091,0.765072
Netflix,Average experience overall.,Neutral,0,0.560325
Telegram,Very helpful and easy to use.,Positive,0.974517,0.319433
Swiggy,Very helpful and easy to use.,Positive,0.600638,0.256022
Duolingo,Poor user experience.,Negative,-0.795339,0.93892
Telegram,Works great especially for daily use.,Positive,0.960828,0.377815
Instagram,,,,
Duolingo,Useful but has minor issues.,Neutral,0,0.575209
Netflix,Excellent app with useful features.,Positive,0.749295,0.950614
Telegram,Works fine but can be better.,Neutral,0,0.272976
10 Best Foods for You,Poor user experience.,Negative,-0.89702,0.322195
Instagram,Very helpful and easy to use.,Positive,0.541176,0.218825
Adobe Acrobat Reader,Works great especially for daily use.,Positive,0.566625,0.2237
WhatsApp,Very slow after the latest update.,Negative,-0.114752,0.389007
WhatsApp,"It's okay, needs some improvements.",Neutral,0,0.275424
Amazon Shopping,,,,
Swiggy,Very helpful and easy to use.,Positive,0.209223,0.788343
Google Maps,Very helpful and easy to use.,Positive,0.449645,0.780325
Swiggy,Works great especially for daily use.,Positive,0.982776,0.53517
Canva,Excellent app with useful features.,Positive,0.285657,0.27049
Canva,,,,
Instagram,Average experience overall.,Neutral,0,0.582019
Duolingo,Works great especially for daily use.,Positive,0.479778,0.968882
Adobe Acrobat Reader,Works great especially for daily use.,Positive,0.330546,0.45428
Adobe Acrobat Reader,"Amazing experience, highly recommended.",Positive,0.734543,0.346618
Instagram,"Amazing experience, highly recommended.",Positive,0.762874,0.509941
Flipkart,Average experience overall.,Neutral,0,0.527963
Duolingo,Not satisfied with the performance.,Negative,-0.208611,0.918712
Google Maps,Very helpful and easy to use.,Positive,0.832086,0.434761
Instagram,Useful but has minor issues.,Neutral,0,0.130045
Canva,Excellent app with useful features.,Positive,0.845021,0.442646
Spotify,Works great especially for daily use.,Positive,0.300443,0.450566
Duolingo,Very helpful and easy to use.,Positive,0.780847,0.902964
YouTube,Excellent app with useful features.,Positive,0.320653,0.469023
Telegram,Very helpful and easy to use.,Positive,0.330902,0.405422
YouTube,Too many ads.,Negative,-0.279073,0.749973
Adobe Acrobat Reader,Love the interface and performance.,Positive,0.594446,0.356452
Netflix,Works great especially for daily use.,Positive,0.202017,0.734952
Canva,Love the interface and performance.,Positive,0.831164,0.600354
Zomato,Excellent app with useful features.,Positive,0.622588,0.421782
YouTube,"Amazing experience, highly recommended.",Positive,0.524121,0.892937
10 Best Foods for You,Excellent app with useful features.,Positive,0.994371,0.345396
Amazon Shopping,Works great especially for daily use.,Positive,0.725209,0.423173
YouTube,Excellent app with useful features.,Positive,0.294771,0.521159
Duolingo,Poor user experience.,Negative,-0.996228,0.962178
Instagram,Useful but has minor issues.,Neutral,0,0.292525
10 Best Foods for You,Works great especially for daily use.,Positive,0.284028,0.557377
Zomato,"It's okay, needs some improvements.",Neutral,0,0.140091
YouTube,Very slow after the latest update.,Negative,-0.731967,0.955751
Zomato,"Amazing experience, highly recommended.",Positive,0.798031,0.671755
Instagram,Excellent app with useful features.,Positive,0.824539,0.28397
Telegram,Very slow after the latest update.,Negative,-0.315496,0.957935
Telegram,App crashes frequently.,Negative,-0.350417,0.480859
Spotify,"Not bad, just decent.",Neutral,0,0.510738
Flipkart,App crashes frequently.,Negative,-0.930663,0.970743
Flipkart,Excellent app with useful features.,Positive,0.218107,0.938099
Netflix,Poor user experience.,Negative,-0.529672,0.302424
Amazon Shopping,Excellent app with useful features.,Positive,0.772047,0.574359
Google Maps,Love the interface and performance.,Positive,0.288855,0.692456
Zomato,Not satisfied with the performance.,Negative,-0.208796,0.711655
Google Maps,Excellent app with useful features.,Positive,0.628379,0.588132
Zomato,"Amazing experience, highly recommended.",Positive,0.647727,0.284834
Swiggy,,,,
YouTube,Love the interface and performance.,Positive,0.493069,0.481518
Zomato,Works great especially for daily use.,Positive,0.721065,0.735304
Duolingo,Average experience overall.,Neutral,0,0.538169
Amazon Shopping,"Not bad, just decent.",Neutral,0,0.39254
YouTube,"Not bad, just decent.",Neutral,0,0.375743
Zomato,"Amazing experience, highly recommended.",Positive,0.215938,0.840678
Telegram,Love the interface and performance.,Positive,0.752075,0.396726
Zomato,Very slow after the latest update.,Negative,-0.919502,0.338443
Adobe Acrobat Reader,Very slow after the latest update.,Negative,-0.650444,0.303088
Swiggy,,,,
Canva,Not satisfied with the performance.,Negative,-0.309841,0.924952
Amazon Shopping,Excellent app with useful features.,Positive,0.696002,0.892562
Spotify,Very helpful and easy to use.,Positive,0.602711,0.376313
10 Best Foods for You,"Amazing experience, highly recommended.",Positive,0.68055,0.847592
Zomato,,,,
Zomato,Very helpful and easy to use.,Positive,0.929274,0.501646
WhatsApp,Useful but has minor issues.,Neutral,0,0.594581
WhatsApp,Average experience overall.,Neutral,0,0.215544
Zomato,Very slow after the latest update.,Negative,-0.721128,0.363501
10 Best Foods for You,Works fine but can be better.,Neutral,0,0.556042
Google Maps,Poor user experience.,Negative,-0.544992,0.865869
YouTube,Too many ads.,Negative,-0.574787,0.686267
Flipkart,App crashes frequently.,Negative,-0.876866,0.8393
Swiggy,Excellent app with useful features.,Positive,0.307189,0.67382
YouTube,Very helpful and easy to use.,Positive,0.489824,0.323812
Zomato,Love the interface and performance.,Positive,0.569488,0.381666
Google Maps,,,,
Duolingo,Very helpful and easy to use.,Positive,0.817361,0.538281
Instagram,Excellent app with useful features.,Positive,0.553234,0.221853
Canva,Excellent app with useful features.,Positive,0.489323,0.844407
YouTube,Works great especially for daily use.,Positive,0.584924,0.778128
Canva,Works great especially for daily use.,Positive,0.624061,0.821053
Swiggy,Works fine but can be better.,Neutral,0,0.351627
Flipkart,"Not bad, just decent.",Neutral,0,0.124905
Spotify,"Amazing experience, highly recommended.",Positive,0.748201,0.522261
Amazon Shopping,Love the interface and performance.,Positive,0.867124,0.997625
Instagram,Excellent app with useful features.,Positive,0.556256,0.913894
Telegram,Excellent app with useful features.,Positive,0.887733,0.765125
Flipkart,"Amazing experience, highly recommended.",Positive,0.58071,0.753303
Flipkart,Love the interface and performance.,Positive,0.54499,0.60316
Instagram,Excellent app with useful features.,Positive,0.837865,0.61361
Swiggy,Works great especially for daily use.,Positive,0.341092,0.755137
YouTube,Excellent app with useful features.,Positive,0.477483,0.220319
Netflix,Average experience overall.,Neutral,0,0.337133
Spotify,Very helpful and easy to use.,Positive,0.676945,0.559498
Duolingo,Very helpful and easy to use.,Positive,0.529195,0.246218
Instagram,Poor user experience.,Negative,-0.360388,0.540983
Amazon Shopping,Excellent app with useful features.,Positive,0.392992,0.825005
Duolingo,Works great especially for daily use.,Positive,0.888251,0.799663
Amazon Shopping,Excellent app with useful features.,Positive,0.764933,0.340353
Telegram,Excellent app with useful features.,Positive,0.868733,0.864106
Telegram,Excellent app with useful features.,Positive,0.97497,0.285286
Amazon Shopping,Love the interface and performance.,Positive,0.906433,0.497559
Duolingo,Love the interface and performance.,Positive,0.642767,0.225906
Amazon Shopping,Useful but has minor issues.,Neutral,0,0.103932
Spotify,Excellent app with useful features.,Positive,0.918791,0.797502
Spotify,Very helpful and easy to use.,Positive,0.347508,0.518017
Instagram,Love the interface and performance.,Positive,0.220219,0.257162
Instagram,Average experience overall.,Neutral,0,0.503112
Adobe Acrobat Reader,Excellent app with useful features.,Positive,0.910538,0.748201
10 Best Foods for You,Works great especially for daily use.,Positive,0.530615,0.56707
Duolingo,Works great especially for daily use.,Positive,0.882249,0.89042
Instagram,"Amazing experience, highly recommended.",Positive,0.546585,0.393333
Netflix,,,,
Canva,"Amazing experience, highly recommended.",Positive,0.804986,0.460077
10 Best Foods for You,Love the interface and performance.,Positive,0.854099,0.640033
Adobe Acrobat Reader,Love the interface and performance.,Positive,0.379893,0.569614
Amazon Shopping,Love the interface and performance.,Positive,0.888943,0.328052
Spotify,Very helpful and easy to use.,Positive,0.721774,0.438772
YouTube,Works great especially for daily use.,Positive,0.864356,0.774821
Instagram,Works great especially for daily use.,Positive,0.562894,0.332964
Telegram,Not satisfied with the performance.,Negative,-0.559673,0.7364
Telegram,Excellent app with useful features.,Positive,0.604532,0.636905
Duolingo,"Amazing experience, highly recommended.",Positive,0.994974,0.80283
Zomato,Love the interface and performance.,Positive,0.208184,0.771895
Adobe Acrobat Reader,Average experience overall.,Neutral,0,0.397511
Amazon Shopping,Very helpful and easy to use.,Positive,0.821304,0.955597
Swiggy,Works fine but can be better.,Neutral,0,0.229524
Spotify,Works great especially for daily use.,Positive,0.919002,0.478797
Canva,Works great especially for daily use.,Positive,0.395743,0.253789
Amazon Shopping,Too many ads.,Negative,-0.690353,0.981398
Adobe Acrobat Reader,Works fine but can be better.,Neutral,0,0.24184
YouTube,Very slow after the latest update.,Negative,-0.230215,0.706627
Zomato,Works great especially for daily use.,Positive,0.699025,0.804042
Canva,Works great especially for daily use.,Positive,0.515291,0.330569
Google Maps,"It's okay, needs some improvements.",Neutral,0,0.27341
WhatsApp,Very slow after the latest update.,Negative,-0.889796,0.882157
YouTube,Works great especially for daily use.,Positive,0.903763,0.246026
YouTube,Very helpful and easy to use.,Positive,0.926139,0.689383
Spotify,Works great especially for daily use.,Positive,0.394181,0.59713
Canva,Love the interface and performance.,Positive,0.497356,0.328042
Swiggy,,,,
Amazon Shopping,App crashes frequently.,Negative,-0.490279,0.931181
Flipkart,Useful but has minor issues.,Neutral,0,0.16622
Google Maps,"It's okay, needs some improvements.",Neutral,0,0.340809
Canva,"Amazing experience, highly recommended.",Positive,0.883977,0.419256
Flipkart,Poor user experience.,Negative,-0.773313,0.37202
Swiggy,Love the interface and performance.,Positive,0.540579,0.558855
YouTube,Love the interface and performance.,Positive,0.326671,0.793461
Netflix,Works great especially for daily use.,Positive,0.416386,0.352841
WhatsApp,Works great especially for daily use.,Positive,0.888048,0.483701
Flipkart,Works great especially for daily use.,Positive,0.280294,0.711878
Duolingo,Useful but has minor issues.,Neutral,0,0.525676
Instagram,Works great especially for daily use.,Positive,0.408743,0.684372
Amazon Shopping,Average experience overall.,Neutral,0,0.176663
Adobe Acrobat Reader,Very helpful and easy to use.,Positive,0.702626,0.740325
WhatsApp,Useful but has minor issues.,Neutral,0,0.190166
Swiggy,Love the interface and performance.,Positive,0.586482,0.233158
Instagram,Average experience overall.,Neutral,0,0.580821
Swiggy,Love the interface and performance.,Positive,0.988942,0.543999
Adobe Acrobat Reader,"It's okay, needs some improvements.",Neutral,0,0.182965
Instagram,"Not bad, just decent.",Neutral,0,0.237469
Swiggy,Works fine but can be better.,Neutral,0,0.46762
Netflix,Average experience overall.,Neutral,0,0.58633
Flipkart,"Not bad, just decent.",Neutral,0,0.167488
YouTube,Works fine but can be better.,Neutral,0,0.298949
Amazon Shopping,Works fine but can be better.,Neutral,0,0.252572
Canva,Works fine but can be better.,Neutral,0,0.468557
Adobe Acrobat Reader,Love the interface and performance.,Positive,0.327219,0.346854
Flipkart,,,,
Adobe Acrobat Reader,"Amazing experience, highly recommended.",Positive,0.334402,0.906338
Duolingo,Works great especially for daily use.,Positive,0.671186,0.401562
Amazon Shopping,Works great especially for daily use.,Positive,0.834335,0.396547
Duolingo,Works great especially for daily use.,Positive,0.675217,0.830449
Spotify,Works great especially for daily use.,Positive,0.86518,0.554707
Amazon Shopping,Very helpful and easy to use.,Positive,0.862425,0.242092
Spotify,Excellent app with useful features.,Positive,0.581771,0.428032
10 Best Foods for You,,,,
Canva,Excellent app with useful features.,Positive,0.659937,0.396488
YouTube,Average experience overall.,Neutral,0,0.180161
Zomato,Love the interface and performance.,Positive,0.377754,0.881742
WhatsApp,,,,
10 Best Foods for You,"Amazing experience, highly recommended.",Positive,0.727261,0.456297
Duolingo,Poor user experience.,Negative,-0.252142,0.338425
Google Maps,Works great especially for daily use.,Positive,0.766969,0.770583
Flipkart,,,,
Spotify,Works great especially for daily use.,Positive,0.417102,0.272105
Zomato,Works great especially for daily use.,Positive,0.738637,0.364469
Zomato,"It's okay, needs some improvements.",Neutral,0,0.106215
Swiggy,Excellent app with useful features.,Positive,0.971998,0.439736
Canva,Very helpful and easy to use.,Positive,0.919943,0.430164
Swiggy,"Amazing experience, highly recommended.",Positive,0.575895,0.915808
Netflix,App crashes frequently.,Negative,-0.620209,0.784783
YouTube,Love the interface and performance.,Positive,0.979742,0.855032
Swiggy,Very helpful and easy to use.,Positive,0.886678,0.280069
Netflix,Poor user experience.,Negative,-0.44225,0.695242
Amazon Shopping,Works great especially for daily use.,Positive,0.429625,0.375354
Duolingo,"Amazing experience, highly recommended.",Positive,0.334575,0.414935
Google Maps,Useful but has minor issues.,Neutral,0,0.511957
Spotify,Excellent app with useful features.,Positive,0.332406,0.899317
YouTube,"Not bad, just decent.",Neutral,0,0.521033
Amazon Shopping,Very helpful and easy to use.,Positive,0.750572,0.338365
Netflix,"It's okay, needs some improvements.",Neutral,0,0.426418
10 Best Foods for You,Very helpful and easy to use.,Positive,0.700657,0.450362
WhatsApp,"Amazing experience, highly recommended.",Positive,0.78089,0.387565
YouTube,Excellent app with useful features.,Positive,0.665241,0.3763
Netflix,"It's okay, needs some improvements.",Neutral,0,0.252362
Zomato,Excellent app with useful features.,Positive,0.43488,0.564489
Swiggy,"Amazing experience, highly recommended.",Positive,0.240983,0.782193
Adobe Acrobat Reader,Very helpful and easy to use.,Positive,0.902776,0.405126
Google Maps,"Amazing experience, highly recommended.",Positive,0.804015,0.523306
Swiggy,App crashes frequently.,Negative,-0.669031,0.507854
WhatsApp,Love the interface and performance.,Positive,0.797236,0.657003
10 Best Foods for You,Works great especially for daily use.,Positive,0.661492,0.287997
YouTube,"Amazing experience, highly recommended.",Positive,0.71985,0.870102
Google Maps,,,,
Canva,"Not bad, just decent.",Neutral,0,0.116633
Swiggy,,,,
WhatsApp,"Amazing experience, highly recommended.",Positive,0.673712,0.396518
10 Best Foods for You,Average experience overall.,Neutral,0,0.111127
Google Maps,"It's okay, needs some improvements.",Neutral,0,0.373997
Amazon Shopping,"Amazing experience, highly recommended.",Positive,0.910282,0.5803
Spotify,Useful but has minor issues.,Neutral,0,0.108072
Netflix,"Not bad, just decent.",Neutral,0,0.264548
Netflix,"It's okay, needs some improvements.",Neutral,0,0.293605
YouTube,Very helpful and easy to use.,Positive,0.74379,0.335328
Netflix,Not satisfied with the performance.,Negative,-0.319655,0.991188
10 Best Foods for You,Very helpful and easy to use.,Positive,0.878528,0.875074
Telegram,Excellent app with useful features.,Positive,0.755575,0.246946
Telegram,Excellent app with useful features.,Positive,0.636052,0.521178
WhatsApp,Works great especially for daily use.,Positive,0.349455,0.248954
Adobe Acrobat Reader,Excellent app with useful features.,Positive,0.579653,0.954804
Spotify,Useful but has minor issues.,Neutral,0,0.519653
Adobe Acrobat Reader,Love the interface and performance.,Positive,0.944391,0.59243
Netflix,Average experience overall.,Neutral,0,0.486308
Canva,Excellent app with useful features.,Positive,0.627115,0.857887
Duolingo,Love the interface and performance.,Positive,0.433549,0.224166
WhatsApp,Works great especially for daily use.,Positive,0.977981,0.269678
YouTube,Love the interface and performance.,Positive,0.753863,0.290364
Flipkart,"Not bad, just decent.",Neutral,0,0.324821
Google Maps,Very helpful and easy to use.,Positive,0.855621,0.551351
10 Best Foods for You,Not satisfied with the performance.,Negative,-0.853835,0.999537
Canva,Very helpful and easy to use.,Positive,0.726951,0.396286
10 Best Foods for You,"It's okay, needs some improvements.",Neutral,0,0.332954
Netflix,Excellent app with useful features.,Positive,0.509092,0.501524
Telegram,Excellent app with useful features.,Positive,0.474992,0.71616
Spotify,"It's okay, needs some improvements.",Neutral,0,0.151478
Telegram,Not satisfied with the performance.,Negative,-0.171093,0.760719
Swiggy,Very helpful and easy to use.,Positive,0.201178,0.951586
YouTube,,,,
Instagram,Works great especially for daily use.,Positive,0.529813,0.438675
Instagram,Love the interface and performance.,Positive,0.703283,0.225156
Telegram,App crashes frequently.,Negative,-0.591165,0.581478
Netflix,Not satisfied with the performance.,Negative,-0.843532,0.909083
Duolingo,Works fine but can be better.,Neutral,0,0.476133
10 Best Foods for You,Works great especially for daily use.,Positive,0.613072,0.727817
Flipkart,"Amazing experience, highly recommended.",Positive,0.705077,0.271054
Google Maps,Love the interface and performance.,Positive,0.748338,0.775386
Swiggy,Very slow after the latest update.,Negative,-0.280172,0.584301
Amazon Shopping,,,,
10 Best Foods for You,Average experience overall.,Neutral,0,0.41245
Instagram,Average experience overall.,Neutral,0,0.597133
Google Maps,Too many ads.,Negative,-0.74745,0.452839
YouTube,Average experience overall.,Neutral,0,0.420963
Flipkart,"Not bad, just decent.",Neutral,0,0.549995
Adobe Acrobat Reader,Works fine but can be better.,Neutral,0,0.505253
Swiggy,Very helpful and easy to use.,Positive,0.37196,0.677337
Spotify,Very slow after the latest update.,Negative,-0.587324,0.474051
Amazon Shopping,"Amazing experience, highly recommended.",Positive,0.524055,0.85309
WhatsApp,"Not bad, just decent.",Neutral,0,0.100385
Swiggy,Very helpful and easy to use.,Positive,0.306366,0.811884
WhatsApp,Works great especially for daily use.,Positive,0.758721,0.539931
Netflix,"Not bad, just decent.",Neutral,0,0.494886
YouTube,Average experience overall.,Neutral,0,0.536852
Zomato,Useful but has minor issues.,Neutral,0,0.373392
Adobe Acrobat Reader,"Not bad, just decent.",Neutral,0,0.599039
Canva,"Amazing experience, highly recommended.",Positive,0.528891,0.99925
Amazon Shopping,"Amazing experience, highly recommended.",Positive,0.845438,0.683455
Spotify,Love the interface and performance.,Positive,0.258952,0.498267
Duolingo,Works great especially for daily use.,Positive,0.307911,0.240398
Duolingo,Works great especially for daily use.,Positive,0.332628,0.528583
Spotify,"Amazing experience, highly recommended.",Positive,0.258137,0.562964
Swiggy,Works great especially for daily use.,Positive,0.914032,0.501564
Spotify,Very slow after the latest update.,Negative,-0.470811,0.816066
YouTube,Works great especially for daily use.,Positive,0.456493,0.642277
Instagram,Love the interface and performance.,Positive,0.571193,0.596346
Spotify,Poor user experience.,Negative,-0.988878,0.384993
Duolingo,Very helpful and easy to use.,Positive,0.91617,0.850479
Adobe Acrobat Reader,Average experience overall.,Neutral,0,0.588024
Spotify,Poor user experience.,Negative,-0.991141,0.303093
Adobe Acrobat Reader,"Amazing experience, highly recommended.",Positive,0.943957,0.317435
Spotify,Too many ads.,Negative,-0.332928,0.762934
Zomato,,,,
Duolingo,Works great especially for daily use.,Positive,0.440415,0.213346
Netflix,Works great especially for daily use.,Positive,0.920907,0.874893
Instagram,Love the interface and performance.,Positive,0.547823,0.46178
Telegram,Works great especially for daily use.,Positive,0.437481,0.209085
Spotify,"It's okay, needs some improvements.",Neutral,0,0.359295
Canva,Love the interface and performance.,Positive,0.94599,0.994661
Google Maps,Useful but has minor issues.,Neutral,0,0.571639
Netflix,Love the interface and performance.,Positive,0.952132,0.861827
Netflix,App crashes frequently.,Negative,-0.415869,0.900115
Google Maps,App crashes frequently.,Negative,-0.573528,0.555147
Telegram,"Amazing experience, highly recommended.",Positive,0.527232,0.949158
Google Maps,Very slow after the latest update.,Negative,-0.318074,0.756146
WhatsApp,"It's okay, needs some improvements.",Neutral,0,0.25481
YouTube,Excellent app with useful features.,Positive,0.768657,0.45439
Adobe Acrobat Reader,Love the interface and performance.,Positive,0.452599,0.523763
10 Best Foods for You,Works great especially for daily use.,Positive,0.713891,0.25862
Flipkart,Love the interface and performance.,Positive,0.809436,0.343471
10 Best Foods for You,Love the interface and performance.,Positive,0.795369,0.667063
WhatsApp,"Amazing experience, highly recommended.",Positive,0.354701,0.567697
Canva,Very helpful and easy to use.,Positive,0.881427,0.448407
Zomato,Excellent app with useful features.,Positive,0.823785,0.594706
10 Best Foods for You,Poor user experience.,Negative,-0.220599,0.842127
Flipkart,App crashes frequently.,Negative,-0.377355,0.629305
Flipkart,"It's okay, needs some improvements.",Neutral,0,0.493214
Telegram,,,,
Swiggy,Too many ads.,Negative,-0.919154,0.786554
Telegram,Very helpful and easy to use.,Positive,0.262766,0.48134
Canva,Excellent app with useful features.,Positive,0.646676,0.483214
10 Best Foods for You,Excellent app with useful features.,Positive,0.783136,0.846208
Flipkart,Very helpful and easy to use.,Positive,0.774651,0.695324
Telegram,"It's okay, needs some improvements.",Neutral,0,0.560913
10 Best Foods for You,"It's okay, needs some improvements.",Neutral,0,0.125289
10 Best Foods for You,App crashes frequently.,Negative,-0.354858,0.523253
Duolingo,Excellent app with useful features.,Positive,0.995569,0.398916
Swiggy,Works great especially for daily use.,Positive,0.265148,0.631702
Telegram,Works great especially for daily use.,Positive,0.813744,0.790732
10 Best Foods for You,Love the interface and performance.,Positive,0.643746,0.747594
Duolingo,"It's okay, needs some improvements.",Neutral,0,0.430036
Netflix,Very helpful and easy to use.,Positive,0.325958,0.758252
Adobe Acrobat Reader,"Amazing experience, highly recommended.",Positive,0.767435,0.365317
Canva,"Amazing experience, highly recommended.",Positive,0.305721,0.244395
Canva,Very helpful and easy to use.,Positive,0.880003,0.60251
Netflix,"Not bad, just decent.",Neutral,0,0.343691
Netflix,"Not bad, just decent.",Neutral,0,0.5962
10 Best Foods for You,Excellent app with useful features.,Positive,0.679588,0.692107
Netflix,Works fine but can be better.,Neutral,0,0.532826
Adobe Acrobat Reader,Average experience overall.,Neutral,0,0.505378
Google Maps,Very helpful and easy to use.,Positive,0.642836,0.648702
Flipkart,Works great especially for daily use.,Positive,0.726512,0.289151
Telegram,"Amazing experience, highly recommended.",Positive,0.838976,0.737789
Amazon Shopping,Love the interface and performance.,Positive,0.923987,0.742496
Instagram,Very helpful and easy to use.,Positive,0.437013,0.781128
YouTube,Works great especially for daily use.,Positive,0.934827,0.91632
Adobe Acrobat Reader,"Amazing experience, highly recommended.",Positive,0.796718,0.858299
Spotify,Very helpful and easy to use.,Positive,0.53698,0.834138
YouTube,"Amazing experience, highly recommended.",Positive,0.343842,0.461373
YouTube,Too many ads.,Negative,-0.79112,0.309527
WhatsApp,Works fine but can be better.,Neutral,0,0.108222
Flipkart,"Amazing experience, highly recommended.",Positive,0.20475,0.92548
Netflix,Excellent app with useful features.,Positive,0.514697,0.233224
Google Maps,Works fine but can be better.,Neutral,0,0.122008
WhatsApp,"Not bad, just decent.",Neutral,0,0.232991
10 Best Foods for You,Excellent app with useful features.,Positive,0.887665,0.669313
Spotify,Works great especially for daily use.,Positive,0.711276,0.31453
Amazon Shopping,,,,
Duolingo,"Not bad, just decent.",Neutral,0,0.478488
Spotify,Works great especially for daily use.,Positive,0.885974,0.659582
Zomato,Excellent app with useful features.,Positive,0.698625,0.626757
10 Best Foods for You,Too many ads.,Negative,-0.174492,0.963266
Swiggy,Very helpful and easy to use.,Positive,0.985186,0.672429
Amazon Shopping,,,,
Duolingo,Too many ads.,Negative,-0.375863,0.94801
Canva,Excellent app with useful features.,Positive,0.704497,0.29662
Netflix,Very helpful and easy to use.,Positive,0.623514,0.426715
Zomato,"Not bad, just decent.",Neutral,0,0.590175
Amazon Shopping,Very helpful and easy to use.,Positive,0.319526,0.594659
Instagram,"Not bad, just decent.",Neutral,0,0.106036
YouTube,Average experience overall.,Neutral,0,0.254798
Google Maps,,,,
10 Best Foods for You,Very slow after the latest update.,Negative,-0.318008,0.931258
Google Maps,,,,
Canva,Too many ads.,Negative,-0.546429,0.319021
Flipkart,"It's okay, needs some improvements.",Neutral,0,0.32061
Telegram,Poor user experience.,Negative,-0.552655,0.365723
Google Maps,Love the interface and performance.,Positive,0.249471,0.303159
Duolingo,Love the interface and performance.,Positive,0.461118,0.55387
Duolingo,Very helpful and easy to use.,Positive,0.785538,0.492293
Adobe Acrobat Reader,"Amazing experience, highly recommended.",Positive,0.66682,0.455454
Instagram,App crashes frequently.,Negative,-0.317376,0.952684
Telegram,Very helpful and easy to use.,Positive,0.87809,0.523693
Canva,Excellent app with useful features.,Positive,0.642983,0.355847
Flipkart,Love the interface and performance.,Positive,0.568005,0.637551
10 Best Foods for You,Works great especially for daily use.,Positive,0.976455,0.995056
WhatsApp,Excellent app with useful features.,Positive,0.633649,0.395489
10 Best Foods for You,Works great especially for daily use.,Positive,0.331154,0.682776
Google Maps,Works great especially for daily use.,Positive,0.752163,0.682964
Instagram,Average experience overall.,Neutral,0,0.382761
Zomato,Works great especially for daily use.,Positive,0.894862,0.937248
Flipkart,"Amazing experience, highly recommended.",Positive,0.947817,0.916616
Instagram,Very slow after the latest update.,Negative,-0.767541,0.607507
Swiggy,Very slow after the latest update.,Negative,-0.798549,0.674442
Flipkart,Works great especially for daily use.,Positive,0.748808,0.217353
Adobe Acrobat Reader,App crashes frequently.,Negative,-0.619048,0.432229
YouTube,Very helpful and easy to use.,Positive,0.31064,0.969222
Instagram,Useful but has minor issues.,Neutral,0,0.174675
Spotify,,,,
Telegram,"It's okay, needs some improvements.",Neutral,0,0.264128
Duolingo,"Amazing experience, highly recommended.",Positive,0.246063,0.940785
Flipkart,Useful but has minor issues.,Neutral,0,0.13472
Netflix,Excellent app with useful features.,Positive,0.773297,0.514678
Duolingo,Works great especially for daily use.,Positive,0.347444,0.806694
Telegram,Works great especially for daily use.,Positive,0.594211,0.573952
Canva,Love the interface and performance.,Positive,0.759875,0.227016
Google Maps,"Amazing experience, highly recommended.",Positive,0.222622,0.842124
10 Best Foods for You,Works great especially for daily use.,Positive,0.502762,0.227643
Spotify,Works fine but can be better.,Neutral,0,0.167636
Duolingo,"Not bad, just decent.",Neutral,0,0.495543
Duolingo,"Amazing experience, highly recommended.",Positive,0.416199,0.740318
Zomato,Works fine but can be better.,Neutral,0,0.35317
Google Maps,Love the interface and performance.,Positive,0.940803,0.873486
Google Maps,Excellent app with useful features.,Positive,0.396088,0.52387
YouTube,Poor user experience.,Negative,-0.205266,0.856824
Google Maps,"Amazing experience, highly recommended.",Positive,0.413813,0.67601
Telegram,Works great especially for daily use.,Positive,0.984752,0.759186
Spotify,Useful but has minor issues.,Neutral,0,0.454034
Zomato,Works fine but can be better.,Neutral,0,0.399371
WhatsApp,Love the interface and performance.,Positive,0.910995,0.851094
10 Best Foods for You,Works great especially for daily use.,Positive,0.314338,0.533557
Zomato,Works great especially for daily use.,Positive,0.796241,0.980288
Duolingo,Excellent app with useful features.,Positive,0.325559,0.638442
WhatsApp,Excellent app with useful features.,Positive,0.728426,0.928184
Flipkart,Very helpful and easy to use.,Positive,0.382383,0.213027
WhatsApp,"Not bad, just decent.",Neutral,0,0.470656
Swiggy,Works great especially for daily use.,Positive,0.853296,0.977735
WhatsApp,Too many ads.,Negative,-0.844638,0.922653
Telegram,"Amazing experience, highly recommended.",Positive,0.797219,0.756867
Adobe Acrobat Reader,Useful but has minor issues.,Neutral,0,0.170672
Amazon Shopping,Love the interface and performance.,Positive,0.719145,0.246247
Telegram,"It's okay, needs some improvements.",Neutral,0,0.293966
10 Best Foods for You,Works great especially for daily use.,Positive,0.758326,0.404334
Telegram,Love the interface and performance.,Positive,0.679567,0.977973
Duolingo,Works fine but can be better.,Neutral,0,0.357657
Telegram,"Amazing experience, highly recommended.",Positive,0.354238,0.742617
Canva,Poor user experience.,Negative,-0.861251,0.57648
Adobe Acrobat Reader,Love the interface and performance.,Positive,0.904046,0.533745
Google Maps,"Amazing experience, highly recommended.",Positive,0.458121,0.920695
WhatsApp,Very helpful and easy to use.,Positive,0.464435,0.732408
Netflix,Very helpful and easy to use.,Positive,0.910774,0.481652
Amazon Shopping,Excellent app with useful features.,Positive,0.205479,0.509132
Instagram,"Not bad, just decent.",Neutral,0,0.504178
Zomato,Works fine but can be better.,Neutral,0,0.135646
Google Maps,Works great especially for daily use.,Positive,0.3401,0.40535
Duolingo,Useful but has minor issues.,Neutral,0,0.405811
Swiggy,Works great especially for daily use.,Positive,0.361273,0.525229
Netflix,Works great especially for daily use.,Positive,0.869198,0.856466
Zomato,,,,
Adobe Acrobat Reader,Poor user experience.,Negative,-0.825413,0.917328
Duolingo,Works great especially for daily use.,Positive,0.610156,0.52897
Amazon Shopping,,,,
WhatsApp,Love the interface and performance.,Positive,0.788708,0.378671
Spotify,Excellent app with useful features.,Positive,0.370073,0.734379
10 Best Foods for You,Excellent app with useful features.,Positive,0.858938,0.580504
Instagram,Not satisfied with the performance.,Negative,-0.210124,0.394451
Duolingo,Very helpful and easy to use.,Positive,0.287613,0.490063
Spotify,Very helpful and easy to use.,Positive,0.931498,0.571231
Flipkart,"Amazing experience, highly recommended.",Positive,0.439324,0.607552
10 Best Foods for You,Works great especially for daily use.,Positive,0.65843,0.741464
Swiggy,Useful but has minor issues.,Neutral,0,0.122579
Telegram,Love the interface and performance.,Positive,0.40078,0.317711
Zomato,Works great especially for daily use.,Positive,0.975558,0.483019
Netflix,Works fine but can be better.,Neutral,0,0.360292
Spotify,Works great especially for daily use.,Positive,0.875507,0.322852
Canva,"Not bad, just decent.",Neutral,0,0.335582
Netflix,Very helpful and easy to use.,Positive,0.964534,0.290943
Duolingo,Too many ads.,Negative,-0.105913,0.780715
WhatsApp,Love the interface and performance.,Positive,0.803692,0.303309
Spotify,"Not bad, just decent.",Neutral,0,0.448166
YouTube,"Amazing experience, highly recommended.",Positive,0.327339,0.717362
Canva,App crashes frequently.,Negative,-0.336854,0.552416
Netflix,Works fine but can be better.,Neutral,0,0.182873
Google Maps,Love the interface and performance.,Positive,0.36783,0.879445
Instagram,"Amazing experience, highly recommended.",Positive,0.345435,0.672284
Telegram,App crashes frequently.,Negative,-0.665623,0.987208
Netflix,"It's okay, needs some improvements.",Neutral,0,0.33437
Netflix,"Not bad, just decent.",Neutral,0,0.511664
Zomato,Love the interface and performance.,Positive,0.639007,0.86878
Swiggy,Works great especially for daily use.,Positive,0.568135,0.315529
Telegram,Love the interface and performance.,Positive,0.956672,0.22158
Amazon Shopping,Love the interface and performance.,Positive,0.245291,0.766744
YouTube,Very helpful and easy to use.,Positive,0.898337,0.771574
Telegram,Love the interface and performance.,Positive,0.424454,0.572812
Instagram,"It's okay, needs some improvements.",Neutral,0,0.41356
Instagram,Works great especially for daily use.,Positive,0.674679,0.261915
Zomato,Love the interface and performance.,Positive,0.748393,0.874394
WhatsApp,Very helpful and easy to use.,Positive,0.666548,0.456324
Spotify,Very helpful and easy to use.,Positive,0.607942,0.68682
WhatsApp,Love the interface and performance.,Positive,0.368078,0.41086
Netflix,Excellent app with useful features.,Positive,0.888996,0.967588
Telegram,Works great especially for daily use.,Positive,0.674942,0.745007
Amazon Shopping,Useful but has minor issues.,Neutral,0,0.113929
Zomato,Love the interface and performance.,Positive,0.279815,0.942719
Telegram,"Amazing experience, highly recommended.",Positive,0.877868,0.82731
Adobe Acrobat Reader,Excellent app with useful features.,Positive,0.719085,0.590763
Swiggy,Useful but has minor issues.,Neutral,0,0.118324
Adobe Acrobat Reader,,,,
Spotify,Works great especially for daily use.,Positive,0.671584,0.315183
Netflix,Very helpful and easy to use.,Positive,0.924231,0.609105
Swiggy,Useful but has minor issues.,Neutral,0,0.55106
Swiggy,,,,
WhatsApp,Very helpful and easy to use.,Positive,0.568193,0.691347
Zomato,Average experience overall.,Neutral,0,0.598272
Canva,"It's okay, needs some improvements.",Neutral,0,0.500183
Instagram,Works great especially for daily use.,Positive,0.871891,0.72656
Swiggy,Very helpful and easy to use.,Positive,0.7057,0.745076
YouTube,"It's okay, needs some improvements.",Neutral,0,0.278738
Telegram,Love the interface and performance.,Positive,0.740401,0.791321
Netflix,Works fine but can be better.,Neutral,0,0.122356
Flipkart,Excellent app with useful features.,Positive,0.977487,0.449091
Duolingo,App crashes frequently.,Negative,-0.322712,0.955346
Telegram,Very slow after the latest update.,Negative,-0.639463,0.993336
Adobe Acrobat Reader,Useful but has minor issues.,Neutral,0,0.40087
WhatsApp,,,,
Telegram,Not satisfied with the performance.,Negative,-0.598232,0.337406
Swiggy,Works fine but can be better.,Neutral,0,0.502148
Telegram,Very helpful and easy to use.,Positive,0.410724,0.981061
Spotify,Works great especially for daily use.,Positive,0.855522,0.538607
Zomato,Excellent app with useful features.,Positive,0.253115,0.374343
Amazon Shopping,"Amazing experience, highly recommended.",Positive,0.604826,0.36665
Adobe Acrobat Reader,Too many ads.,Negative,-0.592295,0.941898
Spotify,"Not bad, just decent.",Neutral,0,0.216761
Netflix,Works great especially for daily use.,Positive,0.768536,0.309364
Zomato,Very helpful and easy to use.,Positive,0.714026,0.996744
Canva,"Amazing experience, highly recommended.",Positive,0.883629,0.78911
Adobe Acrobat Reader,Works fine but can be better.,Neutral,0,0.368772
Spotify,"Amazing experience, highly recommended.",Positive,0.928306,0.439913
YouTube,Very helpful and easy to use.,Positive,0.511021,0.781724
Flipkart,Love the interface and performance.,Positive,0.426748,0.265865
Telegram,Useful but has minor issues.,Neutral,0,0.157452
Adobe Acrobat Reader,Works great especially for daily use.,Positive,0.918048,0.261538
Telegram,Excellent app with useful features.,Positive,0.716424,0.954234
Swiggy,Very helpful and easy to use.,Positive,0.870222,0.734117
Google Maps,Love the interface and performance.,Positive,0.404116,0.649962
WhatsApp,Excellent app with useful features.,Positive,0.788755,0.302769
YouTube,"Amazing experience, highly recommended.",Positive,0.430892,0.709538
Canva,"It's okay, needs some improvements.",Neutral,0,0.505954
Google Maps,"It's okay, needs some improvements.",Neutral,0,0.387569
Telegram,Average experience overall.,Neutral,0,0.158288
Swiggy,"Amazing experience, highly recommended.",Positive,0.298491,0.797004
Google Maps,App crashes frequently.,Negative,-0.874405,0.519413
Google Maps,Excellent app with useful features.,Positive,0.307542,0.879224
Amazon Shopping,Average experience overall.,Neutral,0,0.234332
Spotify,Works great especially for daily use.,Positive,0.780158,0.977559
Netflix,Very helpful and easy to use.,Positive,0.693758,0.212916
Instagram,Works fine but can be better.,Neutral,0,0.17486
Duolingo,Very helpful and easy to use.,Positive,0.435013,0.693425
Canva,App crashes frequently.,Negative,-0.587871,0.896026
Swiggy,Very slow after the latest update.,Negative,-0.218302,0.563826
10 Best Foods for You,"Amazing experience, highly recommended.",Positive,0.801286,0.503688
Adobe Acrobat Reader,Works fine but can be better.,Neutral,0,0.467532
Telegram,Works fine but can be better.,Neutral,0,0.278008
YouTube,"Amazing experience, highly recommended.",Positive,0.500503,0.904639
YouTube,"It's okay, needs some improvements.",Neutral,0,0.208166
Zomato,Not satisfied with the performance.,Negative,-0.708961,0.980962
WhatsApp,Works great especially for daily use.,Positive,0.865395,0.825436
Duolingo,Too many ads.,Negative,-0.212496,0.579531
Amazon Shopping,Very slow after the latest update.,Negative,-0.484603,0.510483
YouTube,Very helpful and easy to use.,Positive,0.940121,0.420795
WhatsApp,"Amazing experience, highly recommended.",Positive,0.433929,0.863567
Amazon Shopping,Love the interface and performance.,Positive,0.566391,0.613647
Spotify,Works great especially for daily use.,Positive,0.899879,0.206462
10 Best Foods for You,"Amazing experience, highly recommended.",Positive,0.596438,0.548357
Adobe Acrobat Reader,Love the interface and performance.,Positive,0.843513,0.601639
10 Best Foods for You,"Not bad, just decent.",Neutral,0,0.582515
Adobe Acrobat Reader,Very helpful and easy to use.,Positive,0.273679,0.251938
Canva,Works great especially for daily use.,Positive,0.705046,0.956231
10 Best Foods for You,Love the interface and performance.,Positive,0.564886,0.23627
Telegram,"Amazing experience, highly recommended.",Positive,0.440954,0.464535
Instagram,Love the interface and performance.,Positive,0.721358,0.20184
Zomato,Works great especially for daily use.,Positive,0.395513,0.846908
Adobe Acrobat Reader,Works great especially for daily use.,Positive,0.20979,0.226592
Amazon Shopping,Love the interface and performance.,Positive,0.54539,0.468193
Telegram,Excellent app with useful features.,Positive,0.740224,0.93241
Amazon Shopping,"It's okay, needs some improvements.",Neutral,0,0.244638
Amazon Shopping,,,,
Google Maps,Excellent app with useful features.,Positive,0.404876,0.790828
Spotify,"Amazing experience, highly recommended.",Positive,0.539532,0.399879
Zomato,Works great especially for daily use.,Positive,0.882304,0.4223
10 Best Foods for You,Love the interface and performance.,Positive,0.304393,0.731871
10 Best Foods for You,Excellent app with useful features.,Positive,0.276485,0.730604
Spotify,App crashes frequently.,Negative,-0.317652,0.479218
Duolingo,Works great especially for daily use.,Positive,0.38226,0.339447
Amazon Shopping,App crashes frequently.,Negative,-0.283054,0.410827
WhatsApp,"Amazing experience, highly recommended.",Positive,0.74342,0.466605
Canva,Very helpful and easy to use.,Positive,0.818012,0.438359
Instagram,Very helpful and easy to use.,Positive,0.66692,0.544039
Canva,Useful but has minor issues.,Neutral,0,0.575378
Canva,"Amazing experience, highly recommended.",Positive,0.700082,0.893576
Canva,Very helpful and easy to use.,Positive,0.341878,0.577518
Canva,"It's okay, needs some improvements.",Neutral,0,0.267304
Amazon Shopping,Poor user experience.,Negative,-0.666166,0.532761
Zomato,"Amazing experience, highly recommended.",Positive,0.968353,0.495786
Canva,Love the interface and performance.,Positive,0.932898,0.533191
Adobe Acrobat Reader,Works fine but can be better.,Neutral,0,0.209588
Google Maps,Average experience overall.,Neutral,0,0.244272
Instagram,Poor user experience.,Negative,-0.609128,0.522447
Canva,"Amazing experience, highly recommended.",Positive,0.301825,0.707032
YouTube,Very slow after the latest update.,Negative,-0.861314,0.441784
Swiggy,Poor user experience.,Negative,-0.168599,0.405514
Adobe Acrobat Reader,"Amazing experience, highly recommended.",Positive,0.890729,0.758274
Google Maps,Useful but has minor issues.,Neutral,0,0.56561
Flipkart,Too many ads.,Negative,-0.630258,0.529967
WhatsApp,"It's okay, needs some improvements.",Neutral,0,0.306479
Adobe Acrobat Reader,Very helpful and easy to use.,Positive,0.652405,0.67219
Canva,Useful but has minor issues.,Neutral,0,0.493664
Adobe Acrobat Reader,Works great especially for daily use.,Positive,0.739049,0.600074
Adobe Acrobat Reader,Average experience overall.,Neutral,0,0.447319
Adobe Acrobat Reader,,,,
10 Best Foods for You,Works great especially for daily use.,Positive,0.503632,0.577224
Amazon Shopping,"It's okay, needs some improvements.",Neutral,0,0.236935
Spotify,Love the interface and performance.,Positive,0.923069,0.215279
Swiggy,Useful but has minor issues.,Neutral,0,0.204003
Amazon Shopping,Poor user experience.,Negative,-0.294621,0.714507
Duolingo,Works great especially for daily use.,Positive,0.458652,0.422377
Amazon Shopping,Very slow after the latest update.,Negative,-0.65026,0.791772
Flipkart,Works great especially for daily use.,Positive,0.678278,0.568008
WhatsApp,Not satisfied with the performance.,Negative,-0.432452,0.510403
Canva,Love the interface and performance.,Positive,0.877184,0.263939
Telegram,"Not bad, just decent.",Neutral,0,0.459303
Spotify,"Not bad, just decent.",Neutral,0,0.594787
10 Best Foods for You,Very slow after the latest update.,Negative,-0.803394,0.454472
Adobe Acrobat Reader,,,,
Google Maps,Love the interface and performance.,Positive,0.222032,0.521082
WhatsApp,Useful but has minor issues.,Neutral,0,0.116944
YouTube,Very helpful and easy to use.,Positive,0.97765,0.372355
Swiggy,Average experience overall.,Neutral,0,0.578499
Duolingo,Excellent app with useful features.,Positive,0.86042,0.636396
WhatsApp,"It's okay, needs some improvements.",Neutral,0,0.532488
Instagram,Very helpful and easy to use.,Positive,0.926968,0.272913
Google Maps,,,,
Duolingo,"It's okay, needs some improvements.",Neutral,0,0.48583
10 Best Foods for You,Average experience overall.,Neutral,0,0.546816
10 Best Foods for You,"Amazing experience, highly recommended.",Positive,0.882573,0.940664
Google Maps,App crashes frequently.,Negative,-0.211446,0.721555
Canva,Works great especially for daily use.,Positive,0.406254,0.916255
Swiggy,Works great especially for daily use.,Positive,0.997131,0.367624
Canva,"Amazing experience, highly recommended.",Positive,0.652379,0.73704
Instagram,App crashes frequently.,Negative,-0.815132,0.680482
10 Best Foods for You,"It's okay, needs some improvements.",Neutral,0,0.527606
Swiggy,Works great especially for daily use.,Positive,0.901524,0.826153
Adobe Acrobat Reader,Excellent app with useful features.,Positive,0.997087,0.442764
Instagram,Love the interface and performance.,Positive,0.644516,0.724164
Duolingo,Love the interface and performance.,Positive,0.567501,0.705601
Flipkart,Excellent app with useful features.,Positive,0.818086,0.686058
Google Maps,"Amazing experience, highly recommended.",Positive,0.504452,0.888149
Canva,Excellent app with useful features.,Positive,0.230007,0.709722
Duolingo,"Amazing experience, highly recommended.",Positive,0.297691,0.662076
Duolingo,"It's okay, needs some improvements.",Neutral,0,0.274176
Swiggy,,,,
WhatsApp,Very slow after the latest update.,Negative,-0.701653,0.587675
Telegram,"Not bad, just decent.",Neutral,0,0.133215
Netflix,Works great especially for daily use.,Positive,0.998672,0.3404
Telegram,Excellent app with useful features.,Positive,0.201613,0.706397
Duolingo,"Not bad, just decent.",Neutral,0,0.391875
Spotify,Love the interface and performance.,Positive,0.931921,0.48711
Google Maps,Love the interface and performance.,Positive,0.376725,0.246683
Flipkart,Too many ads.,Negative,-0.610583,0.543508
Telegram,Very helpful and easy to use.,Positive,0.822638,0.436995
Amazon Shopping,Excellent app with useful features.,Positive,0.564548,0.511773
Amazon Shopping,Very helpful and easy to use.,Positive,0.220712,0.506225
10 Best Foods for You,"It's okay, needs some improvements.",Neutral,0,0.24703
Telegram,Works great especially for daily use.,Positive,0.204075,0.854729
Netflix,Very slow after the latest update.,Negative,-0.765391,0.851217
Netflix,"It's okay, needs some improvements.",Neutral,0,0.101715
Telegram,Love the interface and performance.,Positive,0.679604,0.737853
YouTube,Love the interface and performance.,Positive,0.312575,0.57737
Amazon Shopping,"It's okay, needs some improvements.",Neutral,0,0.275587
YouTube,Works great especially for daily use.,Positive,0.641771,0.344785
Netflix,Very helpful and easy to use.,Positive,0.576834,0.893063
Netflix,Not satisfied with the performance.,Negative,-0.464054,0.322365
Duolingo,Useful but has minor issues.,Neutral,0,0.233988
Spotify,Excellent app with useful features.,Positive,0.763625,0.94881
Flipkart,Works fine but can be better.,Neutral,0,0.19712
YouTube,Very slow after the latest update.,Negative,-0.310471,0.671429
Amazon Shopping,"Amazing experience, highly recommended.",Positive,0.431415,0.711645
Swiggy,Not satisfied with the performance.,Negative,-0.11751,0.719156
Instagram,Love the interface and performance.,Positive,0.213755,0.25823
Swiggy,Works fine but can be better.,Neutral,0,0.221292
Adobe Acrobat Reader,Very slow after the latest update.,Negative,-0.292021,0.657377
Swiggy,Works fine but can be better.,Neutral,0,0.334765
Google Maps,Works great especially for daily use.,Positive,0.640482,0.340229
Telegram,Love the interface and performance.,Positive,0.378618,0.508421
YouTube,Not satisfied with the performance.,Negative,-0.421772,0.977647
Telegram,Love the interface and performance.,Positive,0.818487,0.734108
Adobe Acrobat Reader,"Not bad, just decent.",Neutral,0,0.225291
Swiggy,"Not bad, just decent.",Neutral,0,0.398131
10 Best Foods for You,Very helpful and easy to use.,Positive,0.966257,0.931973
YouTube,Excellent app with useful features.,Positive,0.635785,0.422606
Spotify,"Amazing experience, highly recommended.",Positive,0.682194,0.54394
Telegram,,,,
Duolingo,Love the interface and performance.,Positive,0.840802,0.543321
Google Maps,Very helpful and easy to use.,Positive,0.536303,0.392474
Instagram,Excellent app with useful features.,Positive,0.266395,0.454678
Instagram,Poor user experience.,Negative,-0.402506,0.348378
Spotify,Very helpful and easy to use.,Positive,0.375962,0.216397
Duolingo,Useful but has minor issues.,Neutral,0,0.40689
Telegram,Very helpful and easy to use.,Positive,0.441035,0.819098
Instagram,Excellent app with useful features.,Positive,0.625203,0.74025
Canva,Very slow after the latest update.,Negative,-0.808667,0.658599
YouTube,,,,
Adobe Acrobat Reader,Excellent app with useful features.,Positive,0.776117,0.473606
Zomato,Love the interface and performance.,Positive,0.470429,0.566829
Zomato,Poor user experience.,Negative,-0.843295,0.649291
YouTube,Works great especially for daily use.,Positive,0.495138,0.249147
YouTube,Useful but has minor issues.,Neutral,0,0.497414
Telegram,Works great especially for daily use.,Positive,0.878659,0.457727
Netflix,"Amazing experience, highly recommended.",Positive,0.381088,0.423627
Swiggy,"Not bad, just decent.",Neutral,0,0.19191
Swiggy,"Not bad, just decent.",Neutral,0,0.178966
Instagram,Works great especially for daily use.,Positive,0.863376,0.221154
Adobe Acrobat Reader,Works great especially for daily use.,Positive,0.924138,0.487346
Canva,Poor user experience.,Negative,-0.456289,0.632387
Zomato,,,,
Canva,"It's okay, needs some improvements.",Neutral,0,0.585588
Adobe Acrobat Reader,Love the interface and performance.,Positive,0.236126,0.625311
Zomato,Excellent app with useful features.,Positive,0.534389,0.73714
10 Best Foods for You,Works great especially for daily use.,Positive,0.369317,0.695196
Instagram,Excellent app with useful features.,Positive,0.201649,0.716902
Amazon Shopping,"Not bad, just decent.",Neutral,0,0.149725
Amazon Shopping,Very helpful and easy to use.,Positive,0.760011,0.251192
WhatsApp,Too many ads.,Negative,-0.997788,0.614648
Spotify,Excellent app with useful features.,Positive,0.428524,0.823709
WhatsApp,Works great especially for daily use.,Positive,0.266275,0.508057
Telegram,Not satisfied with the performance.,Negative,-0.308458,0.499405
Google Maps,Average experience overall.,Neutral,0,0.321969
YouTube,Works fine but can be better.,Neutral,0,0.197906
Spotify,Excellent app with useful features.,Positive,0.736064,0.979228
Google Maps,Works fine but can be better.,Neutral,0,0.129207
Amazon Shopping,"Not bad, just decent.",Neutral,0,0.133448
10 Best Foods for You,Excellent app with useful features.,Positive,0.857094,0.718402
Instagram,Excellent app with useful features.,Positive,0.837723,0.699958
Amazon Shopping,Excellent app with useful features.,Positive,0.512633,0.700851
Telegram,"Amazing experience, highly recommended.",Positive,0.706089,0.363598
Canva,"Amazing experience, highly recommended.",Positive,0.298483,0.484589
Amazon Shopping,Love the interface and performance.,Positive,0.776369,0.717697
Flipkart,App crashes frequently.,Negative,-0.925186,0.892062
Spotify,Excellent app with useful features.,Positive,0.951168,0.395873
Zomato,Not satisfied with the performance.,Negative,-0.322893,0.69522
WhatsApp,Excellent app with useful features.,Positive,0.365743,0.407722
Flipkart,"Not bad, just decent.",Neutral,0,0.289995
Canva,Love the interface and performance.,Positive,0.770884,0.282625
Telegram,"Not bad, just decent.",Neutral,0,0.306367
Spotify,Very slow after the latest update.,Negative,-0.172585,0.397623
Adobe Acrobat Reader,Excellent app with useful features.,Positive,0.85162,0.843063
Amazon Shopping,Works great especially for daily use.,Positive,0.544866,0.892639
Swiggy,App crashes frequently.,Negative,-0.275066,0.641496
Duolingo,Works great especially for daily use.,Positive,0.591207,0.867538
Telegram,Poor user experience.,Negative,-0.447764,0.984199
Duolingo,Love the interface and performance.,Positive,0.540688,0.331749
Zomato,Very helpful and easy to use.,Positive,0.864369,0.217344
Google Maps,"Amazing experience, highly recommended.",Positive,0.662876,0.976556
Google Maps,Very helpful and easy to use.,Positive,0.886999,0.314396
Telegram,Works great especially for daily use.,Positive,0.800555,0.900653
WhatsApp,Works great especially for daily use.,Positive,0.791756,0.761723
Spotify,Works fine but can be better.,Neutral,0,0.442407
Duolingo,Love the interface and performance.,Positive,0.288198,0.549669
YouTube,Very slow after the latest update.,Negative,-0.86739,0.437119
Swiggy,Excellent app with useful features.,Positive,0.4295,0.475911
Instagram,Works great especially for daily use.,Positive,0.498864,0.891215
Duolingo,Excellent app with useful features.,Positive,0.362889,0.719784
Netflix,Love the interface and performance.,Positive,0.744507,0.957467
Amazon Shopping,Works great especially for daily use.,Positive,0.754732,0.941172
WhatsApp,"Amazing experience, highly recommended.",Positive,0.59059,0.81275
Instagram,,,,
Canva,Works great especially for daily use.,Positive,0.878962,0.827059
YouTube,Excellent app with useful features.,Positive,0.253891,0.310655
YouTube,Excellent app with useful features.,Positive,0.913073,0.776033
Netflix,Very slow after the latest update.,Negative,-0.651072,0.477189
Zomato,Works great especially for daily use.,Positive,0.538288,0.561087
Spotify,Not satisfied with the performance.,Negative,-0.850253,0.984119
Netflix,Excellent app with useful features.,Positive,0.757849,0.504952
Zomato,Useful but has minor issues.,Neutral,0,0.558677
Swiggy,Very slow after the latest update.,Negative,-0.978376,0.98976
Swiggy,Excellent app with useful features.,Positive,0.29098,0.350238
Duolingo,"It's okay, needs some improvements.",Neutral,0,0.554048
Swiggy,Excellent app with useful features.,Positive,0.261956,0.919138
Duolingo,Love the interface and performance.,Positive,0.772316,0.915661
Telegram,Very slow after the latest update.,Negative,-0.143507,0.813624
Spotify,"It's okay, needs some improvements.",Neutral,0,0.242921
Telegram,Very helpful and easy to use.,Positive,0.393592,0.478857
Google Maps,Works great especially for daily use.,Positive,0.86691,0.352746
Telegram,Works great especially for daily use.,Positive,0.581849,0.566465
Flipkart,Love the interface and performance.,Positive,0.711329,0.282487
Google Maps,Very helpful and easy to use.,Positive,0.557903,0.589647
Zomato,Excellent app with useful features.,Positive,0.969653,0.686559
Amazon Shopping,"It's okay, needs some improvements.",Neutral,0,0.302399
Spotify,Works great especially for daily use.,Positive,0.586986,0.282265
Adobe Acrobat Reader,"Amazing experience, highly recommended.",Positive,0.539435,0.839067
Google Maps,"Amazing experience, highly recommended.",Positive,0.861281,0.508304
Flipkart,Average experience overall.,Neutral,0,0.431998
Amazon Shopping,Excellent app with useful features.,Positive,0.775534,0.89187
Flipkart,Very helpful and easy to use.,Positive,0.351673,0.48523
Netflix,Very helpful and easy to use.,Positive,0.551785,0.319961
Flipkart,Very slow after the latest update.,Negative,-0.479348,0.715287
YouTube,"Amazing experience, highly recommended.",Positive,0.520144,0.313621
Instagram,Works fine but can be better.,Neutral,0,0.379779
Adobe Acrobat Reader,Very helpful and easy to use.,Positive,0.943224,0.542206
Instagram,Works great especially for daily use.,Positive,0.205168,0.830954
Flipkart,Poor user experience.,Negative,-0.839107,0.827765
Google Maps,Average experience overall.,Neutral,0,0.227523
Adobe Acrobat Reader,"It's okay, needs some improvements.",Neutral,0,0.182303
Amazon Shopping,Very helpful and easy to use.,Positive,0.541175,0.974625
10 Best Foods for You,Works great especially for daily use.,Positive,0.953102,0.206123
Swiggy,Excellent app with useful features.,Positive,0.711127,0.812421
Canva,Average experience overall.,Neutral,0,0.575066
YouTube,Excellent app with useful features.,Positive,0.296696,0.807964
Duolingo,"Amazing experience, highly recommended.",Positive,0.721979,0.937233
Canva,,,,
Spotify,Excellent app with useful features.,Positive,0.317141,0.23844
Amazon Shopping,Works great especially for daily use.,Positive,0.436163,0.432214
Canva,Too many ads.,Negative,-0.335027,0.6384
Zomato,"Amazing experience, highly recommended.",Positive,0.275149,0.695235
Swiggy,App crashes frequently.,Negative,-0.38993,0.707795
Instagram,Love the interface and performance.,Positive,0.547602,0.817505
Google Maps,Excellent app with useful features.,Positive,0.685805,0.778744
Google Maps,Very helpful and easy to use.,Positive,0.823183,0.212862
Spotify,Very helpful and easy to use.,Positive,0.955981,0.989131
Google Maps,"Amazing experience, highly recommended.",Positive,0.699314,0.96575
Amazon Shopping,Excellent app with useful features.,Positive,0.808191,0.395102
Spotify,Very helpful and easy to use.,Positive,0.754624,0.582593
Canva,Works fine but can be better.,Neutral,0,0.346421
Telegram,Very helpful and easy to use.,Positive,0.229713,0.761679
10 Best Foods for You,Average experience overall.,Neutral,0,0.30953
10 Best Foods for You,Very helpful and easy to use.,Positive,0.64842,0.774214
Telegram,Very helpful and easy to use.,Positive,0.678299,0.890814
Swiggy,Very helpful and easy to use.,Positive,0.60608,0.770984
Flipkart,Works great especially for daily use.,Positive,0.286238,0.656364
Instagram,"Not bad, just decent.",Neutral,0,0.221233
Swiggy,Poor user experience.,Negative,-0.232243,0.775145
Canva,Works great especially for daily use.,Positive,0.273295,0.995932
Instagram,"Not bad, just decent.",Neutral,0,0.311641
Amazon Shopping,"Amazing experience, highly recommended.",Positive,0.630981,0.411096
Swiggy,"Amazing experience, highly recommended.",Positive,0.735848,0.432079
10 Best Foods for You,Average experience overall.,Neutral,0,0.110396
Google Maps,"Amazing experience, highly recommended.",Positive,0.831929,0.455704
Spotify,,,,
YouTube,Works great especially for daily use.,Positive,0.596406,0.291633
Telegram,Works great especially for daily use.,Positive,0.990682,0.456215
Google Maps,Poor user experience.,Negative,-0.461555,0.833839
Swiggy,Excellent app with useful features.,Positive,0.245492,0.230173
10 Best Foods for You,Works great especially for daily use.,Positive,0.252773,0.554694
Adobe Acrobat Reader,Works fine but can be better.,Neutral,0,0.526804
Netflix,Works great especially for daily use.,Positive,0.468738,0.961471
Adobe Acrobat Reader,Not satisfied with the performance.,Negative,-0.319602,0.737495
10 Best Foods for You,Very helpful and easy to use.,Positive,0.765022,0.706686
Google Maps,"Amazing experience, highly recommended.",Positive,0.515126,0.627032
Telegram,,,,
YouTube,Works great especially for daily use.,Positive,0.739503,0.543271
Adobe Acrobat Reader,Not satisfied with the performance.,Negative,-0.72721,0.621205
WhatsApp,"It's okay, needs some improvements.",Neutral,0,0.535907
Swiggy,Excellent app with useful features.,Positive,0.229069,0.479081
Netflix,Average experience overall.,Neutral,0,0.104183
Spotify,Not satisfied with the performance.,Negative,-0.596922,0.652687
Amazon Shopping,Excellent app with useful features.,Positive,0.797597,0.311945
Google Maps,"Amazing experience, highly recommended.",Positive,0.786757,0.484783
10 Best Foods for You,"Amazing experience, highly recommended.",Positive,0.541713,0.752063
Adobe Acrobat Reader,Works great especially for daily use.,Positive,0.726562,0.634154
Canva,Love the interface and performance.,Positive,0.620772,0.731841
Flipkart,,,,
WhatsApp,Very slow after the latest update.,Negative,-0.586099,0.581063
Spotify,"Amazing experience, highly recommended.",Positive,0.555083,0.864642
Netflix,,,,
WhatsApp,"Amazing experience, highly recommended.",Positive,0.2685,0.516139
Zomato,Love the interface and performance.,Positive,0.740783,0.771301
Spotify,,,,
Duolingo,Very helpful and easy to use.,Positive,0.65248,0.284938
Flipkart,"Amazing experience, highly recommended.",Positive,0.321835,0.458173
Spotify,Excellent app with useful features.,Positive,0.639236,0.350369
Netflix,"It's okay, needs some improvements.",Neutral,0,0.258544
Swiggy,Works fine but can be better.,Neutral,0,0.162399
Instagram,Poor user experience.,Negative,-0.703305,0.686005
Canva,Very slow after the latest update.,Negative,-0.468792,0.964304
Flipkart,Excellent app with useful features.,Positive,0.627507,0.553121
Telegram,Not satisfied with the performance.,Negative,-0.614323,0.339258
Telegram,Love the interface and performance.,Positive,0.346909,0.415816
WhatsApp,"Amazing experience, highly recommended.",Positive,0.648943,0.911195
Flipkart,Very slow after the latest update.,Negative,-0.421696,0.841759
Spotify,Works great especially for daily use.,Positive,0.471916,0.210554
Telegram,"It's okay, needs some improvements.",Neutral,0,0.346704
Amazon Shopping,Poor user experience.,Negative,-0.404589,0.720509
Amazon Shopping,Works great especially for daily use.,Positive,0.526459,0.368656
Adobe Acrobat Reader,Works great especially for daily use.,Positive,0.909148,0.210912
Instagram,Works great especially for daily use.,Positive,0.849909,0.828397
Swiggy,Average experience overall.,Neutral,0,0.229781
YouTube,"Amazing experience, highly recommended.",Positive,0.956153,0.787822
Duolingo,Works fine but can be better.,Neutral,0,0.347409
YouTube,Works fine but can be better.,Neutral,0,0.252538
Telegram,"Amazing experience, highly recommended.",Positive,0.742631,0.926654
Duolingo,,,,
Google Maps,Works great especially for daily use.,Positive,0.48951,0.443143
Flipkart,Excellent app with useful features.,Positive,0.42455,0.724253
Swiggy,"Amazing experience, highly recommended.",Positive,0.483149,0.899199
Canva,Not satisfied with the performance.,Negative,-0.821531,0.507671
WhatsApp,Works fine but can be better.,Neutral,0,0.427457
Google Maps,Poor user experience.,Negative,-0.805749,0.985046
Zomato,Works great especially for daily use.,Positive,0.223439,0.730396
Instagram,Excellent app with useful features.,Positive,0.939449,0.920874
Duolingo,"Not bad, just decent.",Neutral,0,0.485727
Spotify,Works fine but can be better.,Neutral,0,0.250383
Zomato,Love the interface and performance.,Positive,0.752407,0.893216
10 Best Foods for You,Works fine but can be better.,Neutral,0,0.259564
10 Best Foods for You,Useful but has minor issues.,Neutral,0,0.187434
Duolingo,Excellent app with useful features.,Positive,0.240909,0.357659
Amazon Shopping,Average experience overall.,Neutral,0,0.383572
WhatsApp,"Amazing experience, highly recommended.",Positive,0.925588,0.875629
Spotify,Works fine but can be better.,Neutral,0,0.433477
Telegram,,,,
Netflix,Works great especially for daily use.,Positive,0.468066,0.994245
Adobe Acrobat Reader,"It's okay, needs some improvements.",Neutral,0,0.249949
Flipkart,,,,
Amazon Shopping,Works great especially for daily use.,Positive,0.474734,0.907775
Amazon Shopping,Works great especially for daily use.,Positive,0.859491,0.800477
Spotify,Average experience overall.,Neutral,0,0.139335
WhatsApp,Works great especially for daily use.,Positive,0.3912,0.482074
10 Best Foods for You,Poor user experience.,Negative,-0.677827,0.919443
Zomato,"Amazing experience, highly recommended.",Positive,0.924889,0.844899
Flipkart,Very helpful and easy to use.,Positive,0.596728,0.622824
Netflix,Very helpful and easy to use.,Positive,0.473777,0.264198
Telegram,Not satisfied with the performance.,Negative,-0.258583,0.738067
Spotify,"Amazing experience, highly recommended.",Positive,0.73245,0.938528
Flipkart,Works great especially for daily use.,Positive,0.75091,0.75883
Swiggy,Works great especially for daily use.,Positive,0.635053,0.286123
Instagram,"Amazing experience, highly recommended.",Positive,0.276375,0.874753
Zomato,"Amazing experience, highly recommended.",Positive,0.499641,0.538543
WhatsApp,"Not bad, just decent.",Neutral,0,0.228664
Adobe Acrobat Reader,Love the interface and performance.,Positive,0.406031,0.294823
YouTube,Excellent app with useful features.,Positive,0.671324,0.946327
Google Maps,"Amazing experience, highly recommended.",Positive,0.392399,0.83208
Canva,Excellent app with useful features.,Positive,0.548661,0.595257
10 Best Foods for You,Very helpful and easy to use.,Positive,0.776883,0.857205
Netflix,"Not bad, just decent.",Neutral,0,0.320357
Telegram,Very slow after the latest update.,Negative,-0.747643,0.460406
YouTube,Excellent app with useful features.,Positive,0.446861,0.475325
Swiggy,Works great especially for daily use.,Positive,0.245747,0.495438
Zomato,Excellent app with useful features.,Positive,0.887217,0.315802
Amazon Shopping,Works great especially for daily use.,Positive,0.404281,0.577105
YouTube,Works great especially for daily use.,Positive,0.685103,0.251139
WhatsApp,Very helpful and easy to use.,Positive,0.702969,0.355266
Adobe Acrobat Reader,Works fine but can be better.,Neutral,0,0.224366
Swiggy,Excellent app with useful features.,Positive,0.909279,0.748541
Zomato,Poor user experience.,Negative,-0.56472,0.774743
Adobe Acrobat Reader,Love the interface and performance.,Positive,0.291754,0.738517
Instagram,Very helpful and easy to use.,Positive,0.847118,0.927762
Canva,"Amazing experience, highly recommended.",Positive,0.313004,0.691507
WhatsApp,Works great especially for daily use.,Positive,0.856078,0.324496
Adobe Acrobat Reader,Love the interface and performance.,Positive,0.919914,0.829477
Instagram,"Amazing experience, highly recommended.",Positive,0.291127,0.221524
Amazon Shopping,"Not bad, just decent.",Neutral,0,0.100489
Telegram,Not satisfied with the performance.,Negative,-0.243561,0.356683
Zomato,Very helpful and easy to use.,Positive,0.240895,0.847092
Amazon Shopping,,,,
YouTube,Useful but has minor issues.,Neutral,0,0.222018
Instagram,Works great especially for daily use.,Positive,0.795821,0.447743
Flipkart,Very helpful and easy to use.,Positive,0.602399,0.562071
Google Maps,,,,
Telegram,Love the interface and performance.,Positive,0.824697,0.830943
Duolingo,Works fine but can be better.,Neutral,0,0.248799
Adobe Acrobat Reader,Average experience overall.,Neutral,0,0.494404
Netflix,Works great especially for daily use.,Positive,0.864084,0.732025
Instagram,Very helpful and easy to use.,Positive,0.280103,0.395654
Google Maps,Works great especially for daily use.,Positive,0.319118,0.278832
Netflix,Works great especially for daily use.,Positive,0.33905,0.816759
WhatsApp,"Not bad, just decent.",Neutral,0,0.361486
WhatsApp,"Amazing experience, highly recommended.",Positive,0.872877,0.390047
Spotify,"Not bad, just decent.",Neutral,0,0.595179
WhatsApp,Love the interface and performance.,Positive,0.674009,0.445005
Instagram,Excellent app with useful features.,Positive,0.218508,0.303521
Duolingo,Excellent app with useful features.,Positive,0.973219,0.93066
Instagram,Love the interface and performance.,Positive,0.492147,0.835422
YouTube,Love the interface and performance.,Positive,0.456513,0.344243
Instagram,,,,
Flipkart,Love the interface and performance.,Positive,0.80278,0.697773
YouTube,Very helpful and easy to use.,Positive,0.536253,0.578089
Spotify,Excellent app with useful features.,Positive,0.680032,0.562816
Instagram,Excellent app with useful features.,Positive,0.750479,0.740584
Netflix,"Amazing experience, highly recommended.",Positive,0.392414,0.4835
Adobe Acrobat Reader,"Amazing experience, highly recommended.",Positive,0.938933,0.552495
Canva,"Amazing experience, highly recommended.",Positive,0.365979,0.278756
Netflix,Very helpful and easy to use.,Positive,0.858531,0.237231
WhatsApp,Works fine but can be better.,Neutral,0,0.433608
Adobe Acrobat Reader,"Not bad, just decent.",Neutral,0,0.187954
Google Maps,Very helpful and easy to use.,Positive,0.961142,0.28836
YouTube,Works fine but can be better.,Neutral,0,0.187058
Telegram,Love the interface and performance.,Positive,0.381411,0.680772
Netflix,"Amazing experience, highly recommended.",Positive,0.409546,0.221771
Duolingo,Love the interface and performance.,Positive,0.509999,0.608411
Instagram,Love the interface and performance.,Positive,0.646986,0.969033
10 Best Foods for You,,,,
Netflix,Average experience overall.,Neutral,0,0.300782
Canva,Very helpful and easy to use.,Positive,0.661323,0.3449
Amazon Shopping,Useful but has minor issues.,Neutral,0,0.156807
Telegram,Poor user experience.,Negative,-0.703153,0.456138
Adobe Acrobat Reader,,,,
Duolingo,,,,
WhatsApp,Excellent app with useful features.,Positive,0.265565,0.56133
Amazon Shopping,Excellent app with useful features.,Positive,0.614875,0.216338
Netflix,"Not bad, just decent.",Neutral,0,0.426002
Zomato,"Amazing experience, highly recommended.",Positive,0.620656,0.783279
Zomato,Useful but has minor issues.,Neutral,0,0.338532
Duolingo,Love the interface and performance.,Positive,0.245504,0.328984
Zomato,Excellent app with useful features.,Positive,0.423327,0.882934
YouTube,Love the interface and performance.,Positive,0.790215,0.642314
Netflix,App crashes frequently.,Negative,-0.610598,0.644761
Telegram,Too many ads.,Negative,-0.634256,0.470278
Google Maps,Love the interface and performance.,Positive,0.568799,0.964067
Zomato,"Not bad, just decent.",Neutral,0,0.151678
Spotify,"Amazing experience, highly recommended.",Positive,0.931085,0.605693
Adobe Acrobat Reader,Not satisfied with the performance.,Negative,-0.232349,0.797369
Telegram,"Amazing experience, highly recommended.",Positive,0.624321,0.958208
WhatsApp,,,,
YouTube,"Not bad, just decent.",Neutral,0,0.13843
Instagram,Average experience overall.,Neutral,0,0.15746
Canva,"Not bad, just decent.",Neutral,0,0.560462
YouTube,Love the interface and performance.,Positive,0.888786,0.463538
Spotify,,,,
Zomato,,,,
WhatsApp,"Amazing experience, highly recommended.",Positive,0.738044,0.681101
WhatsApp,Very helpful and easy to use.,Positive,0.602818,0.473397
Google Maps,Average experience overall.,Neutral,0,0.440041
Swiggy,"It's okay, needs some improvements.",Neutral,0,0.176574
Zomato,Useful but has minor issues.,Neutral,0,0.416059
Amazon Shopping,Works fine but can be better.,Neutral,0,0.152921
YouTube,Average experience overall.,Neutral,0,0.261336
Swiggy,Works fine but can be better.,Neutral,0,0.516036
Zomato,Excellent app with useful features.,Positive,0.85512,0.993166
WhatsApp,"It's okay, needs some improvements.",Neutral,0,0.448107
Google Maps,Very helpful and easy to use.,Positive,0.406566,0.859852
WhatsApp,Works great especially for daily use.,Positive,0.275053,0.511689
YouTube,"Amazing experience, highly recommended.",Positive,0.678253,0.617053
